"region";"måned";"statistikkvariabel";"03616: Hotell og liknande overnattingsbedrifter. Kapasitetsutnytting og pris per rom, etter region, måned og statistikkvariabel"
"0 Hele landet";"1985M01";"Kapasitetsutnytting av senger (prosent)";31,9
"0 Hele landet";"1985M01";"Kapasitetsutnytting av rom (prosent)";42,7
"0 Hele landet";"1985M01";"Pris per rom (kr)";0
"0 Hele landet";"1985M02";"Kapasitetsutnytting av senger (prosent)";48
"0 Hele landet";"1985M02";"Kapasitetsutnytting av rom (prosent)";57,1
"0 Hele landet";"1985M02";"Pris per rom (kr)";0
"0 Hele landet";"1985M03";"Kapasitetsutnytting av senger (prosent)";47,1
"0 Hele landet";"1985M03";"Kapasitetsutnytting av rom (prosent)";59,8
"0 Hele landet";"1985M03";"Pris per rom (kr)";0
"0 Hele landet";"1985M04";"Kapasitetsutnytting av senger (prosent)";42,1
"0 Hele landet";"1985M04";"Kapasitetsutnytting av rom (prosent)";52,4
"0 Hele landet";"1985M04";"Pris per rom (kr)";0
"0 Hele landet";"1985M05";"Kapasitetsutnytting av senger (prosent)";31,9
"0 Hele landet";"1985M05";"Kapasitetsutnytting av rom (prosent)";45,7
"0 Hele landet";"1985M05";"Pris per rom (kr)";0
"0 Hele landet";"1985M06";"Kapasitetsutnytting av senger (prosent)";49,2
"0 Hele landet";"1985M06";"Kapasitetsutnytting av rom (prosent)";63
"0 Hele landet";"1985M06";"Pris per rom (kr)";0
"0 Hele landet";"1985M07";"Kapasitetsutnytting av senger (prosent)";59,4
"0 Hele landet";"1985M07";"Kapasitetsutnytting av rom (prosent)";61,4
"0 Hele landet";"1985M07";"Pris per rom (kr)";0
"0 Hele landet";"1985M08";"Kapasitetsutnytting av senger (prosent)";53,3
"0 Hele landet";"1985M08";"Kapasitetsutnytting av rom (prosent)";63,1
"0 Hele landet";"1985M08";"Pris per rom (kr)";0
"0 Hele landet";"1985M09";"Kapasitetsutnytting av senger (prosent)";42,8
"0 Hele landet";"1985M09";"Kapasitetsutnytting av rom (prosent)";59,3
"0 Hele landet";"1985M09";"Pris per rom (kr)";0
"0 Hele landet";"1985M10";"Kapasitetsutnytting av senger (prosent)";40,3
"0 Hele landet";"1985M10";"Kapasitetsutnytting av rom (prosent)";60,3
"0 Hele landet";"1985M10";"Pris per rom (kr)";0
"0 Hele landet";"1985M11";"Kapasitetsutnytting av senger (prosent)";40,3
"0 Hele landet";"1985M11";"Kapasitetsutnytting av rom (prosent)";58,3
"0 Hele landet";"1985M11";"Pris per rom (kr)";0
"0 Hele landet";"1985M12";"Kapasitetsutnytting av senger (prosent)";33,1
"0 Hele landet";"1985M12";"Kapasitetsutnytting av rom (prosent)";43,9
"0 Hele landet";"1985M12";"Pris per rom (kr)";0
"0 Hele landet";"1986M01";"Kapasitetsutnytting av senger (prosent)";36,1
"0 Hele landet";"1986M01";"Kapasitetsutnytting av rom (prosent)";49,3
"0 Hele landet";"1986M01";"Pris per rom (kr)";0
"0 Hele landet";"1986M02";"Kapasitetsutnytting av senger (prosent)";49,8
"0 Hele landet";"1986M02";"Kapasitetsutnytting av rom (prosent)";60,8
"0 Hele landet";"1986M02";"Pris per rom (kr)";0
"0 Hele landet";"1986M03";"Kapasitetsutnytting av senger (prosent)";49,1
"0 Hele landet";"1986M03";"Kapasitetsutnytting av rom (prosent)";58,7
"0 Hele landet";"1986M03";"Pris per rom (kr)";0
"0 Hele landet";"1986M04";"Kapasitetsutnytting av senger (prosent)";38,1
"0 Hele landet";"1986M04";"Kapasitetsutnytting av rom (prosent)";52,4
"0 Hele landet";"1986M04";"Pris per rom (kr)";0
"0 Hele landet";"1986M05";"Kapasitetsutnytting av senger (prosent)";32,6
"0 Hele landet";"1986M05";"Kapasitetsutnytting av rom (prosent)";46,4
"0 Hele landet";"1986M05";"Pris per rom (kr)";0
"0 Hele landet";"1986M06";"Kapasitetsutnytting av senger (prosent)";45,3
"0 Hele landet";"1986M06";"Kapasitetsutnytting av rom (prosent)";58,9
"0 Hele landet";"1986M06";"Pris per rom (kr)";0
"0 Hele landet";"1986M07";"Kapasitetsutnytting av senger (prosent)";56,6
"0 Hele landet";"1986M07";"Kapasitetsutnytting av rom (prosent)";60,4
"0 Hele landet";"1986M07";"Pris per rom (kr)";0
"0 Hele landet";"1986M08";"Kapasitetsutnytting av senger (prosent)";49,6
"0 Hele landet";"1986M08";"Kapasitetsutnytting av rom (prosent)";59,9
"0 Hele landet";"1986M08";"Pris per rom (kr)";0
"0 Hele landet";"1986M09";"Kapasitetsutnytting av senger (prosent)";40,7
"0 Hele landet";"1986M09";"Kapasitetsutnytting av rom (prosent)";59,2
"0 Hele landet";"1986M09";"Pris per rom (kr)";0
"0 Hele landet";"1986M10";"Kapasitetsutnytting av senger (prosent)";38,5
"0 Hele landet";"1986M10";"Kapasitetsutnytting av rom (prosent)";58,5
"0 Hele landet";"1986M10";"Pris per rom (kr)";0
"0 Hele landet";"1986M11";"Kapasitetsutnytting av senger (prosent)";37,4
"0 Hele landet";"1986M11";"Kapasitetsutnytting av rom (prosent)";56,2
"0 Hele landet";"1986M11";"Pris per rom (kr)";0
"0 Hele landet";"1986M12";"Kapasitetsutnytting av senger (prosent)";30,4
"0 Hele landet";"1986M12";"Kapasitetsutnytting av rom (prosent)";41,3
"0 Hele landet";"1986M12";"Pris per rom (kr)";0
"0 Hele landet";"1987M01";"Kapasitetsutnytting av senger (prosent)";33,5
"0 Hele landet";"1987M01";"Kapasitetsutnytting av rom (prosent)";45,4
"0 Hele landet";"1987M01";"Pris per rom (kr)";0
"0 Hele landet";"1987M02";"Kapasitetsutnytting av senger (prosent)";44,6
"0 Hele landet";"1987M02";"Kapasitetsutnytting av rom (prosent)";57,1
"0 Hele landet";"1987M02";"Pris per rom (kr)";0
"0 Hele landet";"1987M03";"Kapasitetsutnytting av senger (prosent)";46,3
"0 Hele landet";"1987M03";"Kapasitetsutnytting av rom (prosent)";61,1
"0 Hele landet";"1987M03";"Pris per rom (kr)";0
"0 Hele landet";"1987M04";"Kapasitetsutnytting av senger (prosent)";39,4
"0 Hele landet";"1987M04";"Kapasitetsutnytting av rom (prosent)";49,9
"0 Hele landet";"1987M04";"Pris per rom (kr)";0
"0 Hele landet";"1987M05";"Kapasitetsutnytting av senger (prosent)";34,1
"0 Hele landet";"1987M05";"Kapasitetsutnytting av rom (prosent)";49,9
"0 Hele landet";"1987M05";"Pris per rom (kr)";0
"0 Hele landet";"1987M06";"Kapasitetsutnytting av senger (prosent)";45,9
"0 Hele landet";"1987M06";"Kapasitetsutnytting av rom (prosent)";59,6
"0 Hele landet";"1987M06";"Pris per rom (kr)";0
"0 Hele landet";"1987M07";"Kapasitetsutnytting av senger (prosent)";55,8
"0 Hele landet";"1987M07";"Kapasitetsutnytting av rom (prosent)";59,9
"0 Hele landet";"1987M07";"Pris per rom (kr)";0
"0 Hele landet";"1987M08";"Kapasitetsutnytting av senger (prosent)";47,9
"0 Hele landet";"1987M08";"Kapasitetsutnytting av rom (prosent)";59,3
"0 Hele landet";"1987M08";"Pris per rom (kr)";0
"0 Hele landet";"1987M09";"Kapasitetsutnytting av senger (prosent)";39,6
"0 Hele landet";"1987M09";"Kapasitetsutnytting av rom (prosent)";57,9
"0 Hele landet";"1987M09";"Pris per rom (kr)";0
"0 Hele landet";"1987M10";"Kapasitetsutnytting av senger (prosent)";36,5
"0 Hele landet";"1987M10";"Kapasitetsutnytting av rom (prosent)";55,4
"0 Hele landet";"1987M10";"Pris per rom (kr)";0
"0 Hele landet";"1987M11";"Kapasitetsutnytting av senger (prosent)";35,4
"0 Hele landet";"1987M11";"Kapasitetsutnytting av rom (prosent)";53,4
"0 Hele landet";"1987M11";"Pris per rom (kr)";0
"0 Hele landet";"1987M12";"Kapasitetsutnytting av senger (prosent)";29,1
"0 Hele landet";"1987M12";"Kapasitetsutnytting av rom (prosent)";40,1
"0 Hele landet";"1987M12";"Pris per rom (kr)";0
"0 Hele landet";"1988M01";"Kapasitetsutnytting av senger (prosent)";32,5
"0 Hele landet";"1988M01";"Kapasitetsutnytting av rom (prosent)";43,9
"0 Hele landet";"1988M01";"Pris per rom (kr)";0
"0 Hele landet";"1988M02";"Kapasitetsutnytting av senger (prosent)";43
"0 Hele landet";"1988M02";"Kapasitetsutnytting av rom (prosent)";53,3
"0 Hele landet";"1988M02";"Pris per rom (kr)";0
"0 Hele landet";"1988M03";"Kapasitetsutnytting av senger (prosent)";42,5
"0 Hele landet";"1988M03";"Kapasitetsutnytting av rom (prosent)";53,1
"0 Hele landet";"1988M03";"Pris per rom (kr)";0
"0 Hele landet";"1988M04";"Kapasitetsutnytting av senger (prosent)";37,6
"0 Hele landet";"1988M04";"Kapasitetsutnytting av rom (prosent)";51,1
"0 Hele landet";"1988M04";"Pris per rom (kr)";0
"0 Hele landet";"1988M05";"Kapasitetsutnytting av senger (prosent)";29,4
"0 Hele landet";"1988M05";"Kapasitetsutnytting av rom (prosent)";42,1
"0 Hele landet";"1988M05";"Pris per rom (kr)";0
"0 Hele landet";"1988M06";"Kapasitetsutnytting av senger (prosent)";44
"0 Hele landet";"1988M06";"Kapasitetsutnytting av rom (prosent)";57,7
"0 Hele landet";"1988M06";"Pris per rom (kr)";0
"0 Hele landet";"1988M07";"Kapasitetsutnytting av senger (prosent)";53,5
"0 Hele landet";"1988M07";"Kapasitetsutnytting av rom (prosent)";55,8
"0 Hele landet";"1988M07";"Pris per rom (kr)";0
"0 Hele landet";"1988M08";"Kapasitetsutnytting av senger (prosent)";45,3
"0 Hele landet";"1988M08";"Kapasitetsutnytting av rom (prosent)";56,7
"0 Hele landet";"1988M08";"Pris per rom (kr)";0
"0 Hele landet";"1988M09";"Kapasitetsutnytting av senger (prosent)";35,3
"0 Hele landet";"1988M09";"Kapasitetsutnytting av rom (prosent)";51,1
"0 Hele landet";"1988M09";"Pris per rom (kr)";0
"0 Hele landet";"1988M10";"Kapasitetsutnytting av senger (prosent)";31
"0 Hele landet";"1988M10";"Kapasitetsutnytting av rom (prosent)";47,2
"0 Hele landet";"1988M10";"Pris per rom (kr)";0
"0 Hele landet";"1988M11";"Kapasitetsutnytting av senger (prosent)";30,4
"0 Hele landet";"1988M11";"Kapasitetsutnytting av rom (prosent)";47,3
"0 Hele landet";"1988M11";"Pris per rom (kr)";0
"0 Hele landet";"1988M12";"Kapasitetsutnytting av senger (prosent)";24,8
"0 Hele landet";"1988M12";"Kapasitetsutnytting av rom (prosent)";34
"0 Hele landet";"1988M12";"Pris per rom (kr)";0
"0 Hele landet";"1989M01";"Kapasitetsutnytting av senger (prosent)";30,6
"0 Hele landet";"1989M01";"Kapasitetsutnytting av rom (prosent)";40,6
"0 Hele landet";"1989M01";"Pris per rom (kr)";0
"0 Hele landet";"1989M02";"Kapasitetsutnytting av senger (prosent)";39,7
"0 Hele landet";"1989M02";"Kapasitetsutnytting av rom (prosent)";48,7
"0 Hele landet";"1989M02";"Pris per rom (kr)";0
"0 Hele landet";"1989M03";"Kapasitetsutnytting av senger (prosent)";39,7
"0 Hele landet";"1989M03";"Kapasitetsutnytting av rom (prosent)";48,1
"0 Hele landet";"1989M03";"Pris per rom (kr)";0
"0 Hele landet";"1989M04";"Kapasitetsutnytting av senger (prosent)";33,6
"0 Hele landet";"1989M04";"Kapasitetsutnytting av rom (prosent)";49,6
"0 Hele landet";"1989M04";"Pris per rom (kr)";0
"0 Hele landet";"1989M05";"Kapasitetsutnytting av senger (prosent)";27
"0 Hele landet";"1989M05";"Kapasitetsutnytting av rom (prosent)";39,1
"0 Hele landet";"1989M05";"Pris per rom (kr)";0
"0 Hele landet";"1989M06";"Kapasitetsutnytting av senger (prosent)";43,2
"0 Hele landet";"1989M06";"Kapasitetsutnytting av rom (prosent)";56,4
"0 Hele landet";"1989M06";"Pris per rom (kr)";0
"0 Hele landet";"1989M07";"Kapasitetsutnytting av senger (prosent)";53,2
"0 Hele landet";"1989M07";"Kapasitetsutnytting av rom (prosent)";55,9
"0 Hele landet";"1989M07";"Pris per rom (kr)";0
"0 Hele landet";"1989M08";"Kapasitetsutnytting av senger (prosent)";44,9
"0 Hele landet";"1989M08";"Kapasitetsutnytting av rom (prosent)";55
"0 Hele landet";"1989M08";"Pris per rom (kr)";0
"0 Hele landet";"1989M09";"Kapasitetsutnytting av senger (prosent)";34,7
"0 Hele landet";"1989M09";"Kapasitetsutnytting av rom (prosent)";49,8
"0 Hele landet";"1989M09";"Pris per rom (kr)";0
"0 Hele landet";"1989M10";"Kapasitetsutnytting av senger (prosent)";29,7
"0 Hele landet";"1989M10";"Kapasitetsutnytting av rom (prosent)";46,4
"0 Hele landet";"1989M10";"Pris per rom (kr)";0
"0 Hele landet";"1989M11";"Kapasitetsutnytting av senger (prosent)";29
"0 Hele landet";"1989M11";"Kapasitetsutnytting av rom (prosent)";46
"0 Hele landet";"1989M11";"Pris per rom (kr)";0
"0 Hele landet";"1989M12";"Kapasitetsutnytting av senger (prosent)";25,2
"0 Hele landet";"1989M12";"Kapasitetsutnytting av rom (prosent)";34,2
"0 Hele landet";"1989M12";"Pris per rom (kr)";0
"0 Hele landet";"1990M01";"Kapasitetsutnytting av senger (prosent)";28,8
"0 Hele landet";"1990M01";"Kapasitetsutnytting av rom (prosent)";39,7
"0 Hele landet";"1990M01";"Pris per rom (kr)";0
"0 Hele landet";"1990M02";"Kapasitetsutnytting av senger (prosent)";38,9
"0 Hele landet";"1990M02";"Kapasitetsutnytting av rom (prosent)";47,7
"0 Hele landet";"1990M02";"Pris per rom (kr)";0
"0 Hele landet";"1990M03";"Kapasitetsutnytting av senger (prosent)";39,7
"0 Hele landet";"1990M03";"Kapasitetsutnytting av rom (prosent)";52,4
"0 Hele landet";"1990M03";"Pris per rom (kr)";0
"0 Hele landet";"1990M04";"Kapasitetsutnytting av senger (prosent)";30,5
"0 Hele landet";"1990M04";"Kapasitetsutnytting av rom (prosent)";38,9
"0 Hele landet";"1990M04";"Pris per rom (kr)";0
"0 Hele landet";"1990M05";"Kapasitetsutnytting av senger (prosent)";27,8
"0 Hele landet";"1990M05";"Kapasitetsutnytting av rom (prosent)";41,6
"0 Hele landet";"1990M05";"Pris per rom (kr)";0
"0 Hele landet";"1990M06";"Kapasitetsutnytting av senger (prosent)";43,4
"0 Hele landet";"1990M06";"Kapasitetsutnytting av rom (prosent)";56,1
"0 Hele landet";"1990M06";"Pris per rom (kr)";0
"0 Hele landet";"1990M07";"Kapasitetsutnytting av senger (prosent)";51,1
"0 Hele landet";"1990M07";"Kapasitetsutnytting av rom (prosent)";55
"0 Hele landet";"1990M07";"Pris per rom (kr)";0
"0 Hele landet";"1990M08";"Kapasitetsutnytting av senger (prosent)";43,6
"0 Hele landet";"1990M08";"Kapasitetsutnytting av rom (prosent)";54,8
"0 Hele landet";"1990M08";"Pris per rom (kr)";0
"0 Hele landet";"1990M09";"Kapasitetsutnytting av senger (prosent)";33
"0 Hele landet";"1990M09";"Kapasitetsutnytting av rom (prosent)";47,8
"0 Hele landet";"1990M09";"Pris per rom (kr)";0
"0 Hele landet";"1990M10";"Kapasitetsutnytting av senger (prosent)";28,7
"0 Hele landet";"1990M10";"Kapasitetsutnytting av rom (prosent)";45
"0 Hele landet";"1990M10";"Pris per rom (kr)";0
"0 Hele landet";"1990M11";"Kapasitetsutnytting av senger (prosent)";27,6
"0 Hele landet";"1990M11";"Kapasitetsutnytting av rom (prosent)";43,6
"0 Hele landet";"1990M11";"Pris per rom (kr)";0
"0 Hele landet";"1990M12";"Kapasitetsutnytting av senger (prosent)";23,9
"0 Hele landet";"1990M12";"Kapasitetsutnytting av rom (prosent)";32,6
"0 Hele landet";"1990M12";"Pris per rom (kr)";0
"0 Hele landet";"1991M01";"Kapasitetsutnytting av senger (prosent)";26,5
"0 Hele landet";"1991M01";"Kapasitetsutnytting av rom (prosent)";36
"0 Hele landet";"1991M01";"Pris per rom (kr)";0
"0 Hele landet";"1991M02";"Kapasitetsutnytting av senger (prosent)";39,3
"0 Hele landet";"1991M02";"Kapasitetsutnytting av rom (prosent)";46,9
"0 Hele landet";"1991M02";"Pris per rom (kr)";0
"0 Hele landet";"1991M03";"Kapasitetsutnytting av senger (prosent)";40,1
"0 Hele landet";"1991M03";"Kapasitetsutnytting av rom (prosent)";47,6
"0 Hele landet";"1991M03";"Pris per rom (kr)";0
"0 Hele landet";"1991M04";"Kapasitetsutnytting av senger (prosent)";31,3
"0 Hele landet";"1991M04";"Kapasitetsutnytting av rom (prosent)";45,6
"0 Hele landet";"1991M04";"Pris per rom (kr)";0
"0 Hele landet";"1991M05";"Kapasitetsutnytting av senger (prosent)";27,8
"0 Hele landet";"1991M05";"Kapasitetsutnytting av rom (prosent)";40,6
"0 Hele landet";"1991M05";"Pris per rom (kr)";0
"0 Hele landet";"1991M06";"Kapasitetsutnytting av senger (prosent)";44,6
"0 Hele landet";"1991M06";"Kapasitetsutnytting av rom (prosent)";58,4
"0 Hele landet";"1991M06";"Pris per rom (kr)";0
"0 Hele landet";"1991M07";"Kapasitetsutnytting av senger (prosent)";54,8
"0 Hele landet";"1991M07";"Kapasitetsutnytting av rom (prosent)";57,4
"0 Hele landet";"1991M07";"Pris per rom (kr)";0
"0 Hele landet";"1991M08";"Kapasitetsutnytting av senger (prosent)";44,9
"0 Hele landet";"1991M08";"Kapasitetsutnytting av rom (prosent)";55
"0 Hele landet";"1991M08";"Pris per rom (kr)";0
"0 Hele landet";"1991M09";"Kapasitetsutnytting av senger (prosent)";32,5
"0 Hele landet";"1991M09";"Kapasitetsutnytting av rom (prosent)";48
"0 Hele landet";"1991M09";"Pris per rom (kr)";0
"0 Hele landet";"1991M10";"Kapasitetsutnytting av senger (prosent)";29,1
"0 Hele landet";"1991M10";"Kapasitetsutnytting av rom (prosent)";45,6
"0 Hele landet";"1991M10";"Pris per rom (kr)";0
"0 Hele landet";"1991M11";"Kapasitetsutnytting av senger (prosent)";28,6
"0 Hele landet";"1991M11";"Kapasitetsutnytting av rom (prosent)";45
"0 Hele landet";"1991M11";"Pris per rom (kr)";0
"0 Hele landet";"1991M12";"Kapasitetsutnytting av senger (prosent)";24
"0 Hele landet";"1991M12";"Kapasitetsutnytting av rom (prosent)";32,7
"0 Hele landet";"1991M12";"Pris per rom (kr)";0
"0 Hele landet";"1992M01";"Kapasitetsutnytting av senger (prosent)";28
"0 Hele landet";"1992M01";"Kapasitetsutnytting av rom (prosent)";37,4
"0 Hele landet";"1992M01";"Pris per rom (kr)";554
"0 Hele landet";"1992M02";"Kapasitetsutnytting av senger (prosent)";38,3
"0 Hele landet";"1992M02";"Kapasitetsutnytting av rom (prosent)";46,1
"0 Hele landet";"1992M02";"Pris per rom (kr)";569
"0 Hele landet";"1992M03";"Kapasitetsutnytting av senger (prosent)";37
"0 Hele landet";"1992M03";"Kapasitetsutnytting av rom (prosent)";49,8
"0 Hele landet";"1992M03";"Pris per rom (kr)";581
"0 Hele landet";"1992M04";"Kapasitetsutnytting av senger (prosent)";29,1
"0 Hele landet";"1992M04";"Kapasitetsutnytting av rom (prosent)";38,4
"0 Hele landet";"1992M04";"Pris per rom (kr)";580
"0 Hele landet";"1992M05";"Kapasitetsutnytting av senger (prosent)";29,6
"0 Hele landet";"1992M05";"Kapasitetsutnytting av rom (prosent)";43,5
"0 Hele landet";"1992M05";"Pris per rom (kr)";574
"0 Hele landet";"1992M06";"Kapasitetsutnytting av senger (prosent)";44,1
"0 Hele landet";"1992M06";"Kapasitetsutnytting av rom (prosent)";57,9
"0 Hele landet";"1992M06";"Pris per rom (kr)";540
"0 Hele landet";"1992M07";"Kapasitetsutnytting av senger (prosent)";57,6
"0 Hele landet";"1992M07";"Kapasitetsutnytting av rom (prosent)";60,2
"0 Hele landet";"1992M07";"Pris per rom (kr)";485
"0 Hele landet";"1992M08";"Kapasitetsutnytting av senger (prosent)";46,1
"0 Hele landet";"1992M08";"Kapasitetsutnytting av rom (prosent)";57,4
"0 Hele landet";"1992M08";"Pris per rom (kr)";527
"0 Hele landet";"1992M09";"Kapasitetsutnytting av senger (prosent)";33,6
"0 Hele landet";"1992M09";"Kapasitetsutnytting av rom (prosent)";49,3
"0 Hele landet";"1992M09";"Pris per rom (kr)";587
"0 Hele landet";"1992M10";"Kapasitetsutnytting av senger (prosent)";28,8
"0 Hele landet";"1992M10";"Kapasitetsutnytting av rom (prosent)";45,1
"0 Hele landet";"1992M10";"Pris per rom (kr)";585
"0 Hele landet";"1992M11";"Kapasitetsutnytting av senger (prosent)";26,9
"0 Hele landet";"1992M11";"Kapasitetsutnytting av rom (prosent)";43,6
"0 Hele landet";"1992M11";"Pris per rom (kr)";579
"0 Hele landet";"1992M12";"Kapasitetsutnytting av senger (prosent)";23,6
"0 Hele landet";"1992M12";"Kapasitetsutnytting av rom (prosent)";33
"0 Hele landet";"1992M12";"Pris per rom (kr)";589
"0 Hele landet";"1993M01";"Kapasitetsutnytting av senger (prosent)";28,1
"0 Hele landet";"1993M01";"Kapasitetsutnytting av rom (prosent)";37,7
"0 Hele landet";"1993M01";"Pris per rom (kr)";559
"0 Hele landet";"1993M02";"Kapasitetsutnytting av senger (prosent)";39,1
"0 Hele landet";"1993M02";"Kapasitetsutnytting av rom (prosent)";47,8
"0 Hele landet";"1993M02";"Pris per rom (kr)";586
"0 Hele landet";"1993M03";"Kapasitetsutnytting av senger (prosent)";38
"0 Hele landet";"1993M03";"Kapasitetsutnytting av rom (prosent)";52,5
"0 Hele landet";"1993M03";"Pris per rom (kr)";572
"0 Hele landet";"1993M04";"Kapasitetsutnytting av senger (prosent)";31,3
"0 Hele landet";"1993M04";"Kapasitetsutnytting av rom (prosent)";41,5
"0 Hele landet";"1993M04";"Pris per rom (kr)";579
"0 Hele landet";"1993M05";"Kapasitetsutnytting av senger (prosent)";28,1
"0 Hele landet";"1993M05";"Kapasitetsutnytting av rom (prosent)";41,4
"0 Hele landet";"1993M05";"Pris per rom (kr)";574
"0 Hele landet";"1993M06";"Kapasitetsutnytting av senger (prosent)";47,7
"0 Hele landet";"1993M06";"Kapasitetsutnytting av rom (prosent)";63,8
"0 Hele landet";"1993M06";"Pris per rom (kr)";547
"0 Hele landet";"1993M07";"Kapasitetsutnytting av senger (prosent)";59,7
"0 Hele landet";"1993M07";"Kapasitetsutnytting av rom (prosent)";63,4
"0 Hele landet";"1993M07";"Pris per rom (kr)";492
"0 Hele landet";"1993M08";"Kapasitetsutnytting av senger (prosent)";46,6
"0 Hele landet";"1993M08";"Kapasitetsutnytting av rom (prosent)";57,9
"0 Hele landet";"1993M08";"Pris per rom (kr)";542
"0 Hele landet";"1993M09";"Kapasitetsutnytting av senger (prosent)";34,3
"0 Hele landet";"1993M09";"Kapasitetsutnytting av rom (prosent)";51,6
"0 Hele landet";"1993M09";"Pris per rom (kr)";572
"0 Hele landet";"1993M10";"Kapasitetsutnytting av senger (prosent)";29,3
"0 Hele landet";"1993M10";"Kapasitetsutnytting av rom (prosent)";45,9
"0 Hele landet";"1993M10";"Pris per rom (kr)";572
"0 Hele landet";"1993M11";"Kapasitetsutnytting av senger (prosent)";28,9
"0 Hele landet";"1993M11";"Kapasitetsutnytting av rom (prosent)";47,5
"0 Hele landet";"1993M11";"Pris per rom (kr)";596
"0 Hele landet";"1993M12";"Kapasitetsutnytting av senger (prosent)";24,6
"0 Hele landet";"1993M12";"Kapasitetsutnytting av rom (prosent)";35
"0 Hele landet";"1993M12";"Pris per rom (kr)";583
"0 Hele landet";"1994M01";"Kapasitetsutnytting av senger (prosent)";30,4
"0 Hele landet";"1994M01";"Kapasitetsutnytting av rom (prosent)";41,3
"0 Hele landet";"1994M01";"Pris per rom (kr)";552
"0 Hele landet";"1994M02";"Kapasitetsutnytting av senger (prosent)";39
"0 Hele landet";"1994M02";"Kapasitetsutnytting av rom (prosent)";48,3
"0 Hele landet";"1994M02";"Pris per rom (kr)";704
"0 Hele landet";"1994M03";"Kapasitetsutnytting av senger (prosent)";38,6
"0 Hele landet";"1994M03";"Kapasitetsutnytting av rom (prosent)";50,6
"0 Hele landet";"1994M03";"Pris per rom (kr)";586
"0 Hele landet";"1994M04";"Kapasitetsutnytting av senger (prosent)";31,7
"0 Hele landet";"1994M04";"Kapasitetsutnytting av rom (prosent)";46,2
"0 Hele landet";"1994M04";"Pris per rom (kr)";572
"0 Hele landet";"1994M05";"Kapasitetsutnytting av senger (prosent)";29,8
"0 Hele landet";"1994M05";"Kapasitetsutnytting av rom (prosent)";43,5
"0 Hele landet";"1994M05";"Pris per rom (kr)";576
"0 Hele landet";"1994M06";"Kapasitetsutnytting av senger (prosent)";49,4
"0 Hele landet";"1994M06";"Kapasitetsutnytting av rom (prosent)";66,5
"0 Hele landet";"1994M06";"Pris per rom (kr)";559
"0 Hele landet";"1994M07";"Kapasitetsutnytting av senger (prosent)";59,1
"0 Hele landet";"1994M07";"Kapasitetsutnytting av rom (prosent)";63,4
"0 Hele landet";"1994M07";"Pris per rom (kr)";507
"0 Hele landet";"1994M08";"Kapasitetsutnytting av senger (prosent)";47,7
"0 Hele landet";"1994M08";"Kapasitetsutnytting av rom (prosent)";60,3
"0 Hele landet";"1994M08";"Pris per rom (kr)";541
"0 Hele landet";"1994M09";"Kapasitetsutnytting av senger (prosent)";34,1
"0 Hele landet";"1994M09";"Kapasitetsutnytting av rom (prosent)";51,1
"0 Hele landet";"1994M09";"Pris per rom (kr)";570
"0 Hele landet";"1994M10";"Kapasitetsutnytting av senger (prosent)";28,2
"0 Hele landet";"1994M10";"Kapasitetsutnytting av rom (prosent)";45,6
"0 Hele landet";"1994M10";"Pris per rom (kr)";586
"0 Hele landet";"1994M11";"Kapasitetsutnytting av senger (prosent)";27,7
"0 Hele landet";"1994M11";"Kapasitetsutnytting av rom (prosent)";46,1
"0 Hele landet";"1994M11";"Pris per rom (kr)";586
"0 Hele landet";"1994M12";"Kapasitetsutnytting av senger (prosent)";24,9
"0 Hele landet";"1994M12";"Kapasitetsutnytting av rom (prosent)";35,5
"0 Hele landet";"1994M12";"Pris per rom (kr)";590
"0 Hele landet";"1995M01";"Kapasitetsutnytting av senger (prosent)";30,4
"0 Hele landet";"1995M01";"Kapasitetsutnytting av rom (prosent)";41
"0 Hele landet";"1995M01";"Pris per rom (kr)";584
"0 Hele landet";"1995M02";"Kapasitetsutnytting av senger (prosent)";40
"0 Hele landet";"1995M02";"Kapasitetsutnytting av rom (prosent)";50,1
"0 Hele landet";"1995M02";"Pris per rom (kr)";604
"0 Hele landet";"1995M03";"Kapasitetsutnytting av senger (prosent)";39,6
"0 Hele landet";"1995M03";"Kapasitetsutnytting av rom (prosent)";53,7
"0 Hele landet";"1995M03";"Pris per rom (kr)";588
"0 Hele landet";"1995M04";"Kapasitetsutnytting av senger (prosent)";31,4
"0 Hele landet";"1995M04";"Kapasitetsutnytting av rom (prosent)";41,3
"0 Hele landet";"1995M04";"Pris per rom (kr)";594
"0 Hele landet";"1995M05";"Kapasitetsutnytting av senger (prosent)";30,2
"0 Hele landet";"1995M05";"Kapasitetsutnytting av rom (prosent)";45,5
"0 Hele landet";"1995M05";"Pris per rom (kr)";591
"0 Hele landet";"1995M06";"Kapasitetsutnytting av senger (prosent)";44,2
"0 Hele landet";"1995M06";"Kapasitetsutnytting av rom (prosent)";59,1
"0 Hele landet";"1995M06";"Pris per rom (kr)";578
"0 Hele landet";"1995M07";"Kapasitetsutnytting av senger (prosent)";57,2
"0 Hele landet";"1995M07";"Kapasitetsutnytting av rom (prosent)";61,5
"0 Hele landet";"1995M07";"Pris per rom (kr)";519
"0 Hele landet";"1995M08";"Kapasitetsutnytting av senger (prosent)";43,7
"0 Hele landet";"1995M08";"Kapasitetsutnytting av rom (prosent)";56,8
"0 Hele landet";"1995M08";"Pris per rom (kr)";559
"0 Hele landet";"1995M09";"Kapasitetsutnytting av senger (prosent)";34,3
"0 Hele landet";"1995M09";"Kapasitetsutnytting av rom (prosent)";51,3
"0 Hele landet";"1995M09";"Pris per rom (kr)";574
"0 Hele landet";"1995M10";"Kapasitetsutnytting av senger (prosent)";28,1
"0 Hele landet";"1995M10";"Kapasitetsutnytting av rom (prosent)";46
"0 Hele landet";"1995M10";"Pris per rom (kr)";592
"0 Hele landet";"1995M11";"Kapasitetsutnytting av senger (prosent)";28
"0 Hele landet";"1995M11";"Kapasitetsutnytting av rom (prosent)";46,8
"0 Hele landet";"1995M11";"Pris per rom (kr)";600
"0 Hele landet";"1995M12";"Kapasitetsutnytting av senger (prosent)";25,4
"0 Hele landet";"1995M12";"Kapasitetsutnytting av rom (prosent)";35
"0 Hele landet";"1995M12";"Pris per rom (kr)";610
"0 Hele landet";"1996M01";"Kapasitetsutnytting av senger (prosent)";29,2
"0 Hele landet";"1996M01";"Kapasitetsutnytting av rom (prosent)";40,2
"0 Hele landet";"1996M01";"Pris per rom (kr)";586
"0 Hele landet";"1996M02";"Kapasitetsutnytting av senger (prosent)";39,6
"0 Hele landet";"1996M02";"Kapasitetsutnytting av rom (prosent)";49
"0 Hele landet";"1996M02";"Pris per rom (kr)";612
"0 Hele landet";"1996M03";"Kapasitetsutnytting av senger (prosent)";39
"0 Hele landet";"1996M03";"Kapasitetsutnytting av rom (prosent)";52,3
"0 Hele landet";"1996M03";"Pris per rom (kr)";601
"0 Hele landet";"1996M04";"Kapasitetsutnytting av senger (prosent)";31,3
"0 Hele landet";"1996M04";"Kapasitetsutnytting av rom (prosent)";43,6
"0 Hele landet";"1996M04";"Pris per rom (kr)";606
"0 Hele landet";"1996M05";"Kapasitetsutnytting av senger (prosent)";29,2
"0 Hele landet";"1996M05";"Kapasitetsutnytting av rom (prosent)";43,8
"0 Hele landet";"1996M05";"Pris per rom (kr)";603
"0 Hele landet";"1996M06";"Kapasitetsutnytting av senger (prosent)";46,5
"0 Hele landet";"1996M06";"Kapasitetsutnytting av rom (prosent)";62,2
"0 Hele landet";"1996M06";"Pris per rom (kr)";596
"0 Hele landet";"1996M07";"Kapasitetsutnytting av senger (prosent)";57,2
"0 Hele landet";"1996M07";"Kapasitetsutnytting av rom (prosent)";60,9
"0 Hele landet";"1996M07";"Pris per rom (kr)";544
"0 Hele landet";"1996M08";"Kapasitetsutnytting av senger (prosent)";45,8
"0 Hele landet";"1996M08";"Kapasitetsutnytting av rom (prosent)";58,3
"0 Hele landet";"1996M08";"Pris per rom (kr)";574
"0 Hele landet";"1996M09";"Kapasitetsutnytting av senger (prosent)";34,1
"0 Hele landet";"1996M09";"Kapasitetsutnytting av rom (prosent)";52,6
"0 Hele landet";"1996M09";"Pris per rom (kr)";598
"0 Hele landet";"1996M10";"Kapasitetsutnytting av senger (prosent)";30,4
"0 Hele landet";"1996M10";"Kapasitetsutnytting av rom (prosent)";49,4
"0 Hele landet";"1996M10";"Pris per rom (kr)";606
"0 Hele landet";"1996M11";"Kapasitetsutnytting av senger (prosent)";30,2
"0 Hele landet";"1996M11";"Kapasitetsutnytting av rom (prosent)";49
"0 Hele landet";"1996M11";"Pris per rom (kr)";606
"0 Hele landet";"1996M12";"Kapasitetsutnytting av senger (prosent)";25,3
"0 Hele landet";"1996M12";"Kapasitetsutnytting av rom (prosent)";36,2
"0 Hele landet";"1996M12";"Pris per rom (kr)";617
"0 Hele landet";"1997M01";"Kapasitetsutnytting av senger (prosent)";29,1
"0 Hele landet";"1997M01";"Kapasitetsutnytting av rom (prosent)";41
"0 Hele landet";"1997M01";"Pris per rom (kr)";597
"0 Hele landet";"1997M02";"Kapasitetsutnytting av senger (prosent)";39,1
"0 Hele landet";"1997M02";"Kapasitetsutnytting av rom (prosent)";49,9
"0 Hele landet";"1997M02";"Pris per rom (kr)";647
"0 Hele landet";"1997M03";"Kapasitetsutnytting av senger (prosent)";39,4
"0 Hele landet";"1997M03";"Kapasitetsutnytting av rom (prosent)";48,6
"0 Hele landet";"1997M03";"Pris per rom (kr)";633
"0 Hele landet";"1997M04";"Kapasitetsutnytting av senger (prosent)";31,7
"0 Hele landet";"1997M04";"Kapasitetsutnytting av rom (prosent)";50,3
"0 Hele landet";"1997M04";"Pris per rom (kr)";616
"0 Hele landet";"1997M05";"Kapasitetsutnytting av senger (prosent)";30,2
"0 Hele landet";"1997M05";"Kapasitetsutnytting av rom (prosent)";45,3
"0 Hele landet";"1997M05";"Pris per rom (kr)";620
"0 Hele landet";"1997M06";"Kapasitetsutnytting av senger (prosent)";45,3
"0 Hele landet";"1997M06";"Kapasitetsutnytting av rom (prosent)";61,7
"0 Hele landet";"1997M06";"Pris per rom (kr)";614
"0 Hele landet";"1997M07";"Kapasitetsutnytting av senger (prosent)";55,2
"0 Hele landet";"1997M07";"Kapasitetsutnytting av rom (prosent)";60,7
"0 Hele landet";"1997M07";"Pris per rom (kr)";558
"0 Hele landet";"1997M08";"Kapasitetsutnytting av senger (prosent)";46,9
"0 Hele landet";"1997M08";"Kapasitetsutnytting av rom (prosent)";59,7
"0 Hele landet";"1997M08";"Pris per rom (kr)";599
"0 Hele landet";"1997M09";"Kapasitetsutnytting av senger (prosent)";35,3
"0 Hele landet";"1997M09";"Kapasitetsutnytting av rom (prosent)";54,3
"0 Hele landet";"1997M09";"Pris per rom (kr)";629
"0 Hele landet";"1997M10";"Kapasitetsutnytting av senger (prosent)";32,3
"0 Hele landet";"1997M10";"Kapasitetsutnytting av rom (prosent)";51,5
"0 Hele landet";"1997M10";"Pris per rom (kr)";632
"0 Hele landet";"1997M11";"Kapasitetsutnytting av senger (prosent)";31,9
"0 Hele landet";"1997M11";"Kapasitetsutnytting av rom (prosent)";51,4
"0 Hele landet";"1997M11";"Pris per rom (kr)";631
"0 Hele landet";"1997M12";"Kapasitetsutnytting av senger (prosent)";26,9
"0 Hele landet";"1997M12";"Kapasitetsutnytting av rom (prosent)";39
"0 Hele landet";"1997M12";"Pris per rom (kr)";657
"0 Hele landet";"1998M01";"Kapasitetsutnytting av senger (prosent)";31
"0 Hele landet";"1998M01";"Kapasitetsutnytting av rom (prosent)";43,6
"0 Hele landet";"1998M01";"Pris per rom (kr)";632
"0 Hele landet";"1998M02";"Kapasitetsutnytting av senger (prosent)";39,6
"0 Hele landet";"1998M02";"Kapasitetsutnytting av rom (prosent)";51,5
"0 Hele landet";"1998M02";"Pris per rom (kr)";654
"0 Hele landet";"1998M03";"Kapasitetsutnytting av senger (prosent)";39,9
"0 Hele landet";"1998M03";"Kapasitetsutnytting av rom (prosent)";56,4
"0 Hele landet";"1998M03";"Pris per rom (kr)";652
"0 Hele landet";"1998M04";"Kapasitetsutnytting av senger (prosent)";32,3
"0 Hele landet";"1998M04";"Kapasitetsutnytting av rom (prosent)";44,4
"0 Hele landet";"1998M04";"Pris per rom (kr)";656
"0 Hele landet";"1998M05";"Kapasitetsutnytting av senger (prosent)";31,9
"0 Hele landet";"1998M05";"Kapasitetsutnytting av rom (prosent)";47,8
"0 Hele landet";"1998M05";"Pris per rom (kr)";651
"0 Hele landet";"1998M06";"Kapasitetsutnytting av senger (prosent)";45,2
"0 Hele landet";"1998M06";"Kapasitetsutnytting av rom (prosent)";62,2
"0 Hele landet";"1998M06";"Pris per rom (kr)";628
"0 Hele landet";"1998M07";"Kapasitetsutnytting av senger (prosent)";58,2
"0 Hele landet";"1998M07";"Kapasitetsutnytting av rom (prosent)";62,7
"0 Hele landet";"1998M07";"Pris per rom (kr)";583
"0 Hele landet";"1998M08";"Kapasitetsutnytting av senger (prosent)";50,2
"0 Hele landet";"1998M08";"Kapasitetsutnytting av rom (prosent)";63,5
"0 Hele landet";"1998M08";"Pris per rom (kr)";620
"0 Hele landet";"1998M09";"Kapasitetsutnytting av senger (prosent)";37,3
"0 Hele landet";"1998M09";"Kapasitetsutnytting av rom (prosent)";57,2
"0 Hele landet";"1998M09";"Pris per rom (kr)";660
"0 Hele landet";"1998M10";"Kapasitetsutnytting av senger (prosent)";34,1
"0 Hele landet";"1998M10";"Kapasitetsutnytting av rom (prosent)";54
"0 Hele landet";"1998M10";"Pris per rom (kr)";664
"0 Hele landet";"1998M11";"Kapasitetsutnytting av senger (prosent)";32,3
"0 Hele landet";"1998M11";"Kapasitetsutnytting av rom (prosent)";53
"0 Hele landet";"1998M11";"Pris per rom (kr)";679
"0 Hele landet";"1998M12";"Kapasitetsutnytting av senger (prosent)";27,7
"0 Hele landet";"1998M12";"Kapasitetsutnytting av rom (prosent)";40
"0 Hele landet";"1998M12";"Pris per rom (kr)";694
"0 Hele landet";"1999M01";"Kapasitetsutnytting av senger (prosent)";30,7
"0 Hele landet";"1999M01";"Kapasitetsutnytting av rom (prosent)";43,7
"0 Hele landet";"1999M01";"Pris per rom (kr)";677
"0 Hele landet";"1999M02";"Kapasitetsutnytting av senger (prosent)";40,9
"0 Hele landet";"1999M02";"Kapasitetsutnytting av rom (prosent)";53,4
"0 Hele landet";"1999M02";"Pris per rom (kr)";705
"0 Hele landet";"1999M03";"Kapasitetsutnytting av senger (prosent)";39,8
"0 Hele landet";"1999M03";"Kapasitetsutnytting av rom (prosent)";52,8
"0 Hele landet";"1999M03";"Pris per rom (kr)";692
"0 Hele landet";"1999M04";"Kapasitetsutnytting av senger (prosent)";33,7
"0 Hele landet";"1999M04";"Kapasitetsutnytting av rom (prosent)";49,4
"0 Hele landet";"1999M04";"Pris per rom (kr)";697
"0 Hele landet";"1999M05";"Kapasitetsutnytting av senger (prosent)";31,2
"0 Hele landet";"1999M05";"Kapasitetsutnytting av rom (prosent)";46,5
"0 Hele landet";"1999M05";"Pris per rom (kr)";690
"0 Hele landet";"1999M06";"Kapasitetsutnytting av senger (prosent)";47,6
"0 Hele landet";"1999M06";"Kapasitetsutnytting av rom (prosent)";65,1
"0 Hele landet";"1999M06";"Pris per rom (kr)";677
"0 Hele landet";"1999M07";"Kapasitetsutnytting av senger (prosent)";58
"0 Hele landet";"1999M07";"Kapasitetsutnytting av rom (prosent)";62,6
"0 Hele landet";"1999M07";"Pris per rom (kr)";602
"0 Hele landet";"1999M08";"Kapasitetsutnytting av senger (prosent)";48,2
"0 Hele landet";"1999M08";"Kapasitetsutnytting av rom (prosent)";60,9
"0 Hele landet";"1999M08";"Pris per rom (kr)";656
"0 Hele landet";"1999M09";"Kapasitetsutnytting av senger (prosent)";36,6
"0 Hele landet";"1999M09";"Kapasitetsutnytting av rom (prosent)";55,8
"0 Hele landet";"1999M09";"Pris per rom (kr)";689
"0 Hele landet";"1999M10";"Kapasitetsutnytting av senger (prosent)";32,1
"0 Hele landet";"1999M10";"Kapasitetsutnytting av rom (prosent)";50,3
"0 Hele landet";"1999M10";"Pris per rom (kr)";689
"0 Hele landet";"1999M11";"Kapasitetsutnytting av senger (prosent)";30,8
"0 Hele landet";"1999M11";"Kapasitetsutnytting av rom (prosent)";50,9
"0 Hele landet";"1999M11";"Pris per rom (kr)";698
"0 Hele landet";"1999M12";"Kapasitetsutnytting av senger (prosent)";27,1
"0 Hele landet";"1999M12";"Kapasitetsutnytting av rom (prosent)";39
"0 Hele landet";"1999M12";"Pris per rom (kr)";721
"0 Hele landet";"2000M01";"Kapasitetsutnytting av senger (prosent)";29,9
"0 Hele landet";"2000M01";"Kapasitetsutnytting av rom (prosent)";42
"0 Hele landet";"2000M01";"Pris per rom (kr)";689
"0 Hele landet";"2000M02";"Kapasitetsutnytting av senger (prosent)";38
"0 Hele landet";"2000M02";"Kapasitetsutnytting av rom (prosent)";50,3
"0 Hele landet";"2000M02";"Pris per rom (kr)";711
"0 Hele landet";"2000M03";"Kapasitetsutnytting av senger (prosent)";39,8
"0 Hele landet";"2000M03";"Kapasitetsutnytting av rom (prosent)";53,9
"0 Hele landet";"2000M03";"Pris per rom (kr)";698
"0 Hele landet";"2000M04";"Kapasitetsutnytting av senger (prosent)";30
"0 Hele landet";"2000M04";"Kapasitetsutnytting av rom (prosent)";41
"0 Hele landet";"2000M04";"Pris per rom (kr)";704
"0 Hele landet";"2000M05";"Kapasitetsutnytting av senger (prosent)";29,4
"0 Hele landet";"2000M05";"Kapasitetsutnytting av rom (prosent)";46
"0 Hele landet";"2000M05";"Pris per rom (kr)";689
"0 Hele landet";"2000M06";"Kapasitetsutnytting av senger (prosent)";44,8
"0 Hele landet";"2000M06";"Kapasitetsutnytting av rom (prosent)";60,4
"0 Hele landet";"2000M06";"Pris per rom (kr)";674
"0 Hele landet";"2000M07";"Kapasitetsutnytting av senger (prosent)";57,1
"0 Hele landet";"2000M07";"Kapasitetsutnytting av rom (prosent)";62,3
"0 Hele landet";"2000M07";"Pris per rom (kr)";612
"0 Hele landet";"2000M08";"Kapasitetsutnytting av senger (prosent)";47,7
"0 Hele landet";"2000M08";"Kapasitetsutnytting av rom (prosent)";60,8
"0 Hele landet";"2000M08";"Pris per rom (kr)";667
"0 Hele landet";"2000M09";"Kapasitetsutnytting av senger (prosent)";36,1
"0 Hele landet";"2000M09";"Kapasitetsutnytting av rom (prosent)";54,3
"0 Hele landet";"2000M09";"Pris per rom (kr)";684
"0 Hele landet";"2000M10";"Kapasitetsutnytting av senger (prosent)";30,7
"0 Hele landet";"2000M10";"Kapasitetsutnytting av rom (prosent)";49
"0 Hele landet";"2000M10";"Pris per rom (kr)";702
"0 Hele landet";"2000M11";"Kapasitetsutnytting av senger (prosent)";30,7
"0 Hele landet";"2000M11";"Kapasitetsutnytting av rom (prosent)";50,2
"0 Hele landet";"2000M11";"Pris per rom (kr)";695
"0 Hele landet";"2000M12";"Kapasitetsutnytting av senger (prosent)";27,2
"0 Hele landet";"2000M12";"Kapasitetsutnytting av rom (prosent)";37,9
"0 Hele landet";"2000M12";"Pris per rom (kr)";718
"0 Hele landet";"2001M01";"Kapasitetsutnytting av senger (prosent)";28,9
"0 Hele landet";"2001M01";"Kapasitetsutnytting av rom (prosent)";42,1
"0 Hele landet";"2001M01";"Pris per rom (kr)";702
"0 Hele landet";"2001M02";"Kapasitetsutnytting av senger (prosent)";38,1
"0 Hele landet";"2001M02";"Kapasitetsutnytting av rom (prosent)";49,4
"0 Hele landet";"2001M02";"Pris per rom (kr)";721
"0 Hele landet";"2001M03";"Kapasitetsutnytting av senger (prosent)";39,7
"0 Hele landet";"2001M03";"Kapasitetsutnytting av rom (prosent)";54,1
"0 Hele landet";"2001M03";"Pris per rom (kr)";709
"0 Hele landet";"2001M04";"Kapasitetsutnytting av senger (prosent)";30,5
"0 Hele landet";"2001M04";"Kapasitetsutnytting av rom (prosent)";41,6
"0 Hele landet";"2001M04";"Pris per rom (kr)";713
"0 Hele landet";"2001M05";"Kapasitetsutnytting av senger (prosent)";29,5
"0 Hele landet";"2001M05";"Kapasitetsutnytting av rom (prosent)";45,8
"0 Hele landet";"2001M05";"Pris per rom (kr)";707
"0 Hele landet";"2001M06";"Kapasitetsutnytting av senger (prosent)";44,1
"0 Hele landet";"2001M06";"Kapasitetsutnytting av rom (prosent)";59,8
"0 Hele landet";"2001M06";"Pris per rom (kr)";675
"0 Hele landet";"2001M07";"Kapasitetsutnytting av senger (prosent)";56,3
"0 Hele landet";"2001M07";"Kapasitetsutnytting av rom (prosent)";60,9
"0 Hele landet";"2001M07";"Pris per rom (kr)";629
"0 Hele landet";"2001M08";"Kapasitetsutnytting av senger (prosent)";46,4
"0 Hele landet";"2001M08";"Kapasitetsutnytting av rom (prosent)";59,1
"0 Hele landet";"2001M08";"Pris per rom (kr)";665
"0 Hele landet";"2001M09";"Kapasitetsutnytting av senger (prosent)";35,2
"0 Hele landet";"2001M09";"Kapasitetsutnytting av rom (prosent)";53,5
"0 Hele landet";"2001M09";"Pris per rom (kr)";691
"0 Hele landet";"2001M10";"Kapasitetsutnytting av senger (prosent)";30,3
"0 Hele landet";"2001M10";"Kapasitetsutnytting av rom (prosent)";48,4
"0 Hele landet";"2001M10";"Pris per rom (kr)";699
"0 Hele landet";"2001M11";"Kapasitetsutnytting av senger (prosent)";30,6
"0 Hele landet";"2001M11";"Kapasitetsutnytting av rom (prosent)";49,9
"0 Hele landet";"2001M11";"Pris per rom (kr)";704
"0 Hele landet";"2001M12";"Kapasitetsutnytting av senger (prosent)";26,5
"0 Hele landet";"2001M12";"Kapasitetsutnytting av rom (prosent)";37
"0 Hele landet";"2001M12";"Pris per rom (kr)";720
"0 Hele landet";"2002M01";"Kapasitetsutnytting av senger (prosent)";28,7
"0 Hele landet";"2002M01";"Kapasitetsutnytting av rom (prosent)";41,9
"0 Hele landet";"2002M01";"Pris per rom (kr)";698
"0 Hele landet";"2002M02";"Kapasitetsutnytting av senger (prosent)";38,4
"0 Hele landet";"2002M02";"Kapasitetsutnytting av rom (prosent)";49,1
"0 Hele landet";"2002M02";"Pris per rom (kr)";725
"0 Hele landet";"2002M03";"Kapasitetsutnytting av senger (prosent)";38,8
"0 Hele landet";"2002M03";"Kapasitetsutnytting av rom (prosent)";48,9
"0 Hele landet";"2002M03";"Pris per rom (kr)";715
"0 Hele landet";"2002M04";"Kapasitetsutnytting av senger (prosent)";30,2
"0 Hele landet";"2002M04";"Kapasitetsutnytting av rom (prosent)";46,5
"0 Hele landet";"2002M04";"Pris per rom (kr)";714
"0 Hele landet";"2002M05";"Kapasitetsutnytting av senger (prosent)";27,9
"0 Hele landet";"2002M05";"Kapasitetsutnytting av rom (prosent)";41,5
"0 Hele landet";"2002M05";"Pris per rom (kr)";720
"0 Hele landet";"2002M06";"Kapasitetsutnytting av senger (prosent)";44,6
"0 Hele landet";"2002M06";"Kapasitetsutnytting av rom (prosent)";60,1
"0 Hele landet";"2002M06";"Pris per rom (kr)";692
"0 Hele landet";"2002M07";"Kapasitetsutnytting av senger (prosent)";54,5
"0 Hele landet";"2002M07";"Kapasitetsutnytting av rom (prosent)";59,3
"0 Hele landet";"2002M07";"Pris per rom (kr)";631
"0 Hele landet";"2002M08";"Kapasitetsutnytting av senger (prosent)";45,3
"0 Hele landet";"2002M08";"Kapasitetsutnytting av rom (prosent)";57,2
"0 Hele landet";"2002M08";"Pris per rom (kr)";678
"0 Hele landet";"2002M09";"Kapasitetsutnytting av senger (prosent)";34,2
"0 Hele landet";"2002M09";"Kapasitetsutnytting av rom (prosent)";51,7
"0 Hele landet";"2002M09";"Pris per rom (kr)";705
"0 Hele landet";"2002M10";"Kapasitetsutnytting av senger (prosent)";30,6
"0 Hele landet";"2002M10";"Kapasitetsutnytting av rom (prosent)";48,3
"0 Hele landet";"2002M10";"Pris per rom (kr)";715
"0 Hele landet";"2002M11";"Kapasitetsutnytting av senger (prosent)";30,8
"0 Hele landet";"2002M11";"Kapasitetsutnytting av rom (prosent)";48,5
"0 Hele landet";"2002M11";"Pris per rom (kr)";713
"0 Hele landet";"2002M12";"Kapasitetsutnytting av senger (prosent)";24
"0 Hele landet";"2002M12";"Kapasitetsutnytting av rom (prosent)";34,3
"0 Hele landet";"2002M12";"Pris per rom (kr)";723
"0 Hele landet";"2003M01";"Kapasitetsutnytting av senger (prosent)";26,7
"0 Hele landet";"2003M01";"Kapasitetsutnytting av rom (prosent)";38,9
"0 Hele landet";"2003M01";"Pris per rom (kr)";705
"0 Hele landet";"2003M02";"Kapasitetsutnytting av senger (prosent)";35,6
"0 Hele landet";"2003M02";"Kapasitetsutnytting av rom (prosent)";46,6
"0 Hele landet";"2003M02";"Pris per rom (kr)";727
"0 Hele landet";"2003M03";"Kapasitetsutnytting av senger (prosent)";35,6
"0 Hele landet";"2003M03";"Kapasitetsutnytting av rom (prosent)";48,4
"0 Hele landet";"2003M03";"Pris per rom (kr)";725
"0 Hele landet";"2003M04";"Kapasitetsutnytting av senger (prosent)";28,9
"0 Hele landet";"2003M04";"Kapasitetsutnytting av rom (prosent)";39,7
"0 Hele landet";"2003M04";"Pris per rom (kr)";717
"0 Hele landet";"2003M05";"Kapasitetsutnytting av senger (prosent)";30,4
"0 Hele landet";"2003M05";"Kapasitetsutnytting av rom (prosent)";45,1
"0 Hele landet";"2003M05";"Pris per rom (kr)";719
"0 Hele landet";"2003M06";"Kapasitetsutnytting av senger (prosent)";42,5
"0 Hele landet";"2003M06";"Kapasitetsutnytting av rom (prosent)";57,5
"0 Hele landet";"2003M06";"Pris per rom (kr)";703
"0 Hele landet";"2003M07";"Kapasitetsutnytting av senger (prosent)";52,4
"0 Hele landet";"2003M07";"Kapasitetsutnytting av rom (prosent)";56,4
"0 Hele landet";"2003M07";"Pris per rom (kr)";637
"0 Hele landet";"2003M08";"Kapasitetsutnytting av senger (prosent)";45,1
"0 Hele landet";"2003M08";"Kapasitetsutnytting av rom (prosent)";56,3
"0 Hele landet";"2003M08";"Pris per rom (kr)";674
"0 Hele landet";"2003M09";"Kapasitetsutnytting av senger (prosent)";34,2
"0 Hele landet";"2003M09";"Kapasitetsutnytting av rom (prosent)";51,6
"0 Hele landet";"2003M09";"Pris per rom (kr)";703
"0 Hele landet";"2003M10";"Kapasitetsutnytting av senger (prosent)";31
"0 Hele landet";"2003M10";"Kapasitetsutnytting av rom (prosent)";48,4
"0 Hele landet";"2003M10";"Pris per rom (kr)";705
"0 Hele landet";"2003M11";"Kapasitetsutnytting av senger (prosent)";31,1
"0 Hele landet";"2003M11";"Kapasitetsutnytting av rom (prosent)";48
"0 Hele landet";"2003M11";"Pris per rom (kr)";728
"0 Hele landet";"2003M12";"Kapasitetsutnytting av senger (prosent)";25,2
"0 Hele landet";"2003M12";"Kapasitetsutnytting av rom (prosent)";35,2
"0 Hele landet";"2003M12";"Pris per rom (kr)";735
"0 Hele landet";"2004M01";"Kapasitetsutnytting av senger (prosent)";28,1
"0 Hele landet";"2004M01";"Kapasitetsutnytting av rom (prosent)";40
"0 Hele landet";"2004M01";"Pris per rom (kr)";701
"0 Hele landet";"2004M02";"Kapasitetsutnytting av senger (prosent)";36,9
"0 Hele landet";"2004M02";"Kapasitetsutnytting av rom (prosent)";47,5
"0 Hele landet";"2004M02";"Pris per rom (kr)";725
"0 Hele landet";"2004M03";"Kapasitetsutnytting av senger (prosent)";37,4
"0 Hele landet";"2004M03";"Kapasitetsutnytting av rom (prosent)";52,6
"0 Hele landet";"2004M03";"Pris per rom (kr)";722
"0 Hele landet";"2004M04";"Kapasitetsutnytting av senger (prosent)";30,3
"0 Hele landet";"2004M04";"Kapasitetsutnytting av rom (prosent)";40,9
"0 Hele landet";"2004M04";"Pris per rom (kr)";716
"0 Hele landet";"2004M05";"Kapasitetsutnytting av senger (prosent)";29,4
"0 Hele landet";"2004M05";"Kapasitetsutnytting av rom (prosent)";42,9
"0 Hele landet";"2004M05";"Pris per rom (kr)";696
"0 Hele landet";"2004M06";"Kapasitetsutnytting av senger (prosent)";45,6
"0 Hele landet";"2004M06";"Kapasitetsutnytting av rom (prosent)";61,1
"0 Hele landet";"2004M06";"Pris per rom (kr)";697
"0 Hele landet";"2004M07";"Kapasitetsutnytting av senger (prosent)";56,3
"0 Hele landet";"2004M07";"Kapasitetsutnytting av rom (prosent)";60
"0 Hele landet";"2004M07";"Pris per rom (kr)";649
"0 Hele landet";"2004M08";"Kapasitetsutnytting av senger (prosent)";46,5
"0 Hele landet";"2004M08";"Kapasitetsutnytting av rom (prosent)";58
"0 Hele landet";"2004M08";"Pris per rom (kr)";682
"0 Hele landet";"2004M09";"Kapasitetsutnytting av senger (prosent)";36,3
"0 Hele landet";"2004M09";"Kapasitetsutnytting av rom (prosent)";54,2
"0 Hele landet";"2004M09";"Pris per rom (kr)";706
"0 Hele landet";"2004M10";"Kapasitetsutnytting av senger (prosent)";31,5
"0 Hele landet";"2004M10";"Kapasitetsutnytting av rom (prosent)";48,7
"0 Hele landet";"2004M10";"Pris per rom (kr)";709
"0 Hele landet";"2004M11";"Kapasitetsutnytting av senger (prosent)";32
"0 Hele landet";"2004M11";"Kapasitetsutnytting av rom (prosent)";50,5
"0 Hele landet";"2004M11";"Pris per rom (kr)";730
"0 Hele landet";"2004M12";"Kapasitetsutnytting av senger (prosent)";26,5
"0 Hele landet";"2004M12";"Kapasitetsutnytting av rom (prosent)";37,3
"0 Hele landet";"2004M12";"Pris per rom (kr)";724
"0 Hele landet";"2005M01";"Kapasitetsutnytting av senger (prosent)";29,3
"0 Hele landet";"2005M01";"Kapasitetsutnytting av rom (prosent)";42,3
"0 Hele landet";"2005M01";"Pris per rom (kr)";708
"0 Hele landet";"2005M02";"Kapasitetsutnytting av senger (prosent)";38,7
"0 Hele landet";"2005M02";"Kapasitetsutnytting av rom (prosent)";50,3
"0 Hele landet";"2005M02";"Pris per rom (kr)";749
"0 Hele landet";"2005M03";"Kapasitetsutnytting av senger (prosent)";36,8
"0 Hele landet";"2005M03";"Kapasitetsutnytting av rom (prosent)";47,3
"0 Hele landet";"2005M03";"Pris per rom (kr)";744
"0 Hele landet";"2005M04";"Kapasitetsutnytting av senger (prosent)";33,2
"0 Hele landet";"2005M04";"Kapasitetsutnytting av rom (prosent)";50,8
"0 Hele landet";"2005M04";"Pris per rom (kr)";716
"0 Hele landet";"2005M05";"Kapasitetsutnytting av senger (prosent)";30,7
"0 Hele landet";"2005M05";"Kapasitetsutnytting av rom (prosent)";45,5
"0 Hele landet";"2005M05";"Pris per rom (kr)";711
"0 Hele landet";"2005M06";"Kapasitetsutnytting av senger (prosent)";45,8
"0 Hele landet";"2005M06";"Kapasitetsutnytting av rom (prosent)";62,7
"0 Hele landet";"2005M06";"Pris per rom (kr)";718
"0 Hele landet";"2005M07";"Kapasitetsutnytting av senger (prosent)";54,9
"0 Hele landet";"2005M07";"Kapasitetsutnytting av rom (prosent)";59,9
"0 Hele landet";"2005M07";"Pris per rom (kr)";651
"0 Hele landet";"2005M08";"Kapasitetsutnytting av senger (prosent)";49,7
"0 Hele landet";"2005M08";"Kapasitetsutnytting av rom (prosent)";62
"0 Hele landet";"2005M08";"Pris per rom (kr)";703
"0 Hele landet";"2005M09";"Kapasitetsutnytting av senger (prosent)";37,7
"0 Hele landet";"2005M09";"Kapasitetsutnytting av rom (prosent)";56,3
"0 Hele landet";"2005M09";"Pris per rom (kr)";730
"0 Hele landet";"2005M10";"Kapasitetsutnytting av senger (prosent)";33,2
"0 Hele landet";"2005M10";"Kapasitetsutnytting av rom (prosent)";50,6
"0 Hele landet";"2005M10";"Pris per rom (kr)";728
"0 Hele landet";"2005M11";"Kapasitetsutnytting av senger (prosent)";32,8
"0 Hele landet";"2005M11";"Kapasitetsutnytting av rom (prosent)";53,3
"0 Hele landet";"2005M11";"Pris per rom (kr)";742
"0 Hele landet";"2005M12";"Kapasitetsutnytting av senger (prosent)";27,1
"0 Hele landet";"2005M12";"Kapasitetsutnytting av rom (prosent)";38,9
"0 Hele landet";"2005M12";"Pris per rom (kr)";749
"0 Hele landet";"2006M01";"Kapasitetsutnytting av senger (prosent)";30,4
"0 Hele landet";"2006M01";"Kapasitetsutnytting av rom (prosent)";45,3
"0 Hele landet";"2006M01";"Pris per rom (kr)";729
"0 Hele landet";"2006M02";"Kapasitetsutnytting av senger (prosent)";37,5
"0 Hele landet";"2006M02";"Kapasitetsutnytting av rom (prosent)";50,6
"0 Hele landet";"2006M02";"Pris per rom (kr)";766
"0 Hele landet";"2006M03";"Kapasitetsutnytting av senger (prosent)";38,5
"0 Hele landet";"2006M03";"Kapasitetsutnytting av rom (prosent)";56,3
"0 Hele landet";"2006M03";"Pris per rom (kr)";759
"0 Hele landet";"2006M04";"Kapasitetsutnytting av senger (prosent)";33
"0 Hele landet";"2006M04";"Kapasitetsutnytting av rom (prosent)";45,3
"0 Hele landet";"2006M04";"Pris per rom (kr)";754
"0 Hele landet";"2006M05";"Kapasitetsutnytting av senger (prosent)";32,7
"0 Hele landet";"2006M05";"Kapasitetsutnytting av rom (prosent)";50,5
"0 Hele landet";"2006M05";"Pris per rom (kr)";762
"0 Hele landet";"2006M06";"Kapasitetsutnytting av senger (prosent)";45,3
"0 Hele landet";"2006M06";"Kapasitetsutnytting av rom (prosent)";62,7
"0 Hele landet";"2006M06";"Pris per rom (kr)";736
"0 Hele landet";"2006M07";"Kapasitetsutnytting av senger (prosent)";56,1
"0 Hele landet";"2006M07";"Kapasitetsutnytting av rom (prosent)";62
"0 Hele landet";"2006M07";"Pris per rom (kr)";680
"0 Hele landet";"2006M08";"Kapasitetsutnytting av senger (prosent)";50,1
"0 Hele landet";"2006M08";"Kapasitetsutnytting av rom (prosent)";64,6
"0 Hele landet";"2006M08";"Pris per rom (kr)";738
"0 Hele landet";"2006M09";"Kapasitetsutnytting av senger (prosent)";38,9
"0 Hele landet";"2006M09";"Kapasitetsutnytting av rom (prosent)";59,5
"0 Hele landet";"2006M09";"Pris per rom (kr)";753
"0 Hele landet";"2006M10";"Kapasitetsutnytting av senger (prosent)";33,8
"0 Hele landet";"2006M10";"Kapasitetsutnytting av rom (prosent)";53,6
"0 Hele landet";"2006M10";"Pris per rom (kr)";764
"0 Hele landet";"2006M11";"Kapasitetsutnytting av senger (prosent)";35,1
"0 Hele landet";"2006M11";"Kapasitetsutnytting av rom (prosent)";57,5
"0 Hele landet";"2006M11";"Pris per rom (kr)";782
"0 Hele landet";"2006M12";"Kapasitetsutnytting av senger (prosent)";28,5
"0 Hele landet";"2006M12";"Kapasitetsutnytting av rom (prosent)";41,4
"0 Hele landet";"2006M12";"Pris per rom (kr)";767
"0 Hele landet";"2007M01";"Kapasitetsutnytting av senger (prosent)";31,6
"0 Hele landet";"2007M01";"Kapasitetsutnytting av rom (prosent)";48,2
"0 Hele landet";"2007M01";"Pris per rom (kr)";788
"0 Hele landet";"2007M02";"Kapasitetsutnytting av senger (prosent)";38,6
"0 Hele landet";"2007M02";"Kapasitetsutnytting av rom (prosent)";53,7
"0 Hele landet";"2007M02";"Pris per rom (kr)";810
"0 Hele landet";"2007M03";"Kapasitetsutnytting av senger (prosent)";40
"0 Hele landet";"2007M03";"Kapasitetsutnytting av rom (prosent)";58
"0 Hele landet";"2007M03";"Pris per rom (kr)";822
"0 Hele landet";"2007M04";"Kapasitetsutnytting av senger (prosent)";32,7
"0 Hele landet";"2007M04";"Kapasitetsutnytting av rom (prosent)";47,5
"0 Hele landet";"2007M04";"Pris per rom (kr)";817
"0 Hele landet";"2007M05";"Kapasitetsutnytting av senger (prosent)";33,2
"0 Hele landet";"2007M05";"Kapasitetsutnytting av rom (prosent)";51,4
"0 Hele landet";"2007M05";"Pris per rom (kr)";827
"0 Hele landet";"2007M06";"Kapasitetsutnytting av senger (prosent)";47,1
"0 Hele landet";"2007M06";"Kapasitetsutnytting av rom (prosent)";66,9
"0 Hele landet";"2007M06";"Pris per rom (kr)";807
"0 Hele landet";"2007M07";"Kapasitetsutnytting av senger (prosent)";55,2
"0 Hele landet";"2007M07";"Kapasitetsutnytting av rom (prosent)";63,4
"0 Hele landet";"2007M07";"Pris per rom (kr)";729
"0 Hele landet";"2007M08";"Kapasitetsutnytting av senger (prosent)";50,7
"0 Hele landet";"2007M08";"Kapasitetsutnytting av rom (prosent)";66,6
"0 Hele landet";"2007M08";"Pris per rom (kr)";786
"0 Hele landet";"2007M09";"Kapasitetsutnytting av senger (prosent)";39
"0 Hele landet";"2007M09";"Kapasitetsutnytting av rom (prosent)";60,9
"0 Hele landet";"2007M09";"Pris per rom (kr)";844
"0 Hele landet";"2007M10";"Kapasitetsutnytting av senger (prosent)";35,4
"0 Hele landet";"2007M10";"Kapasitetsutnytting av rom (prosent)";57,3
"0 Hele landet";"2007M10";"Pris per rom (kr)";838
"0 Hele landet";"2007M11";"Kapasitetsutnytting av senger (prosent)";35,4
"0 Hele landet";"2007M11";"Kapasitetsutnytting av rom (prosent)";58,4
"0 Hele landet";"2007M11";"Pris per rom (kr)";858
"0 Hele landet";"2007M12";"Kapasitetsutnytting av senger (prosent)";27,9
"0 Hele landet";"2007M12";"Kapasitetsutnytting av rom (prosent)";42,1
"0 Hele landet";"2007M12";"Pris per rom (kr)";849
"0 Hele landet";"2008M01";"Kapasitetsutnytting av senger (prosent)";31,5
"0 Hele landet";"2008M01";"Kapasitetsutnytting av rom (prosent)";49,5
"0 Hele landet";"2008M01";"Pris per rom (kr)";870
"0 Hele landet";"2008M02";"Kapasitetsutnytting av senger (prosent)";38,1
"0 Hele landet";"2008M02";"Kapasitetsutnytting av rom (prosent)";53,7
"0 Hele landet";"2008M02";"Pris per rom (kr)";895
"0 Hele landet";"2008M03";"Kapasitetsutnytting av senger (prosent)";34,7
"0 Hele landet";"2008M03";"Kapasitetsutnytting av rom (prosent)";47,5
"0 Hele landet";"2008M03";"Pris per rom (kr)";886
"0 Hele landet";"2008M04";"Kapasitetsutnytting av senger (prosent)";34
"0 Hele landet";"2008M04";"Kapasitetsutnytting av rom (prosent)";55,6
"0 Hele landet";"2008M04";"Pris per rom (kr)";890
"0 Hele landet";"2008M05";"Kapasitetsutnytting av senger (prosent)";34,4
"0 Hele landet";"2008M05";"Kapasitetsutnytting av rom (prosent)";53,5
"0 Hele landet";"2008M05";"Pris per rom (kr)";880
"0 Hele landet";"2008M06";"Kapasitetsutnytting av senger (prosent)";45,6
"0 Hele landet";"2008M06";"Kapasitetsutnytting av rom (prosent)";65,6
"0 Hele landet";"2008M06";"Pris per rom (kr)";862
"0 Hele landet";"2008M07";"Kapasitetsutnytting av senger (prosent)";52,4
"0 Hele landet";"2008M07";"Kapasitetsutnytting av rom (prosent)";61,2
"0 Hele landet";"2008M07";"Pris per rom (kr)";776
"0 Hele landet";"2008M08";"Kapasitetsutnytting av senger (prosent)";46,7
"0 Hele landet";"2008M08";"Kapasitetsutnytting av rom (prosent)";62,8
"0 Hele landet";"2008M08";"Pris per rom (kr)";854
"0 Hele landet";"2008M09";"Kapasitetsutnytting av senger (prosent)";37,9
"0 Hele landet";"2008M09";"Kapasitetsutnytting av rom (prosent)";60,4
"0 Hele landet";"2008M09";"Pris per rom (kr)";885
"0 Hele landet";"2008M10";"Kapasitetsutnytting av senger (prosent)";33,6
"0 Hele landet";"2008M10";"Kapasitetsutnytting av rom (prosent)";54,8
"0 Hele landet";"2008M10";"Pris per rom (kr)";897
"0 Hele landet";"2008M11";"Kapasitetsutnytting av senger (prosent)";33,3
"0 Hele landet";"2008M11";"Kapasitetsutnytting av rom (prosent)";55,1
"0 Hele landet";"2008M11";"Pris per rom (kr)";896
"0 Hele landet";"2008M12";"Kapasitetsutnytting av senger (prosent)";25,7
"0 Hele landet";"2008M12";"Kapasitetsutnytting av rom (prosent)";39
"0 Hele landet";"2008M12";"Pris per rom (kr)";858
"0 Hele landet";"2009M01";"Kapasitetsutnytting av senger (prosent)";28,4
"0 Hele landet";"2009M01";"Kapasitetsutnytting av rom (prosent)";43,1
"0 Hele landet";"2009M01";"Pris per rom (kr)";884
"0 Hele landet";"2009M02";"Kapasitetsutnytting av senger (prosent)";33,6
"0 Hele landet";"2009M02";"Kapasitetsutnytting av rom (prosent)";48,3
"0 Hele landet";"2009M02";"Pris per rom (kr)";907
"0 Hele landet";"2009M03";"Kapasitetsutnytting av senger (prosent)";33,6
"0 Hele landet";"2009M03";"Kapasitetsutnytting av rom (prosent)";51,7
"0 Hele landet";"2009M03";"Pris per rom (kr)";897
"0 Hele landet";"2009M04";"Kapasitetsutnytting av senger (prosent)";28,5
"0 Hele landet";"2009M04";"Kapasitetsutnytting av rom (prosent)";42,1
"0 Hele landet";"2009M04";"Pris per rom (kr)";870
"0 Hele landet";"2009M05";"Kapasitetsutnytting av senger (prosent)";30,7
"0 Hele landet";"2009M05";"Kapasitetsutnytting av rom (prosent)";47,4
"0 Hele landet";"2009M05";"Pris per rom (kr)";884
"0 Hele landet";"2009M06";"Kapasitetsutnytting av senger (prosent)";41,7
"0 Hele landet";"2009M06";"Kapasitetsutnytting av rom (prosent)";61,5
"0 Hele landet";"2009M06";"Pris per rom (kr)";882
"0 Hele landet";"2009M07";"Kapasitetsutnytting av senger (prosent)";51,1
"0 Hele landet";"2009M07";"Kapasitetsutnytting av rom (prosent)";57,6
"0 Hele landet";"2009M07";"Pris per rom (kr)";778
"0 Hele landet";"2009M08";"Kapasitetsutnytting av senger (prosent)";43,3
"0 Hele landet";"2009M08";"Kapasitetsutnytting av rom (prosent)";57,1
"0 Hele landet";"2009M08";"Pris per rom (kr)";823
"0 Hele landet";"2009M09";"Kapasitetsutnytting av senger (prosent)";35,1
"0 Hele landet";"2009M09";"Kapasitetsutnytting av rom (prosent)";55,1
"0 Hele landet";"2009M09";"Pris per rom (kr)";875
"0 Hele landet";"2009M10";"Kapasitetsutnytting av senger (prosent)";31,8
"0 Hele landet";"2009M10";"Kapasitetsutnytting av rom (prosent)";50,8
"0 Hele landet";"2009M10";"Pris per rom (kr)";856
"0 Hele landet";"2009M11";"Kapasitetsutnytting av senger (prosent)";30,2
"0 Hele landet";"2009M11";"Kapasitetsutnytting av rom (prosent)";50,9
"0 Hele landet";"2009M11";"Pris per rom (kr)";880
"0 Hele landet";"2009M12";"Kapasitetsutnytting av senger (prosent)";24,8
"0 Hele landet";"2009M12";"Kapasitetsutnytting av rom (prosent)";37,3
"0 Hele landet";"2009M12";"Pris per rom (kr)";862
"0 Hele landet";"2010M01";"Kapasitetsutnytting av senger (prosent)";25,9
"0 Hele landet";"2010M01";"Kapasitetsutnytting av rom (prosent)";39,9
"0 Hele landet";"2010M01";"Pris per rom (kr)";847
"0 Hele landet";"2010M02";"Kapasitetsutnytting av senger (prosent)";33,2
"0 Hele landet";"2010M02";"Kapasitetsutnytting av rom (prosent)";47,6
"0 Hele landet";"2010M02";"Pris per rom (kr)";866
"0 Hele landet";"2010M03";"Kapasitetsutnytting av senger (prosent)";32,9
"0 Hele landet";"2010M03";"Kapasitetsutnytting av rom (prosent)";48,7
"0 Hele landet";"2010M03";"Pris per rom (kr)";880
"0 Hele landet";"2010M04";"Kapasitetsutnytting av senger (prosent)";29,1
"0 Hele landet";"2010M04";"Kapasitetsutnytting av rom (prosent)";45,1
"0 Hele landet";"2010M04";"Pris per rom (kr)";875
"0 Hele landet";"2010M05";"Kapasitetsutnytting av senger (prosent)";29,9
"0 Hele landet";"2010M05";"Kapasitetsutnytting av rom (prosent)";45,9
"0 Hele landet";"2010M05";"Pris per rom (kr)";888
"0 Hele landet";"2010M06";"Kapasitetsutnytting av senger (prosent)";43,1
"0 Hele landet";"2010M06";"Kapasitetsutnytting av rom (prosent)";63,1
"0 Hele landet";"2010M06";"Pris per rom (kr)";888
"0 Hele landet";"2010M07";"Kapasitetsutnytting av senger (prosent)";50,2
"0 Hele landet";"2010M07";"Kapasitetsutnytting av rom (prosent)";57,2
"0 Hele landet";"2010M07";"Pris per rom (kr)";762
"0 Hele landet";"2010M08";"Kapasitetsutnytting av senger (prosent)";44,9
"0 Hele landet";"2010M08";"Kapasitetsutnytting av rom (prosent)";59,6
"0 Hele landet";"2010M08";"Pris per rom (kr)";849
"0 Hele landet";"2010M09";"Kapasitetsutnytting av senger (prosent)";35,9
"0 Hele landet";"2010M09";"Kapasitetsutnytting av rom (prosent)";57,6
"0 Hele landet";"2010M09";"Pris per rom (kr)";878
"0 Hele landet";"2010M10";"Kapasitetsutnytting av senger (prosent)";31,5
"0 Hele landet";"2010M10";"Kapasitetsutnytting av rom (prosent)";49,8
"0 Hele landet";"2010M10";"Pris per rom (kr)";857
"0 Hele landet";"2010M11";"Kapasitetsutnytting av senger (prosent)";31,2
"0 Hele landet";"2010M11";"Kapasitetsutnytting av rom (prosent)";52,7
"0 Hele landet";"2010M11";"Pris per rom (kr)";873
"0 Hele landet";"2010M12";"Kapasitetsutnytting av senger (prosent)";25,2
"0 Hele landet";"2010M12";"Kapasitetsutnytting av rom (prosent)";38,2
"0 Hele landet";"2010M12";"Pris per rom (kr)";870
"0 Hele landet";"2011M01";"Kapasitetsutnytting av senger (prosent)";26,7
"0 Hele landet";"2011M01";"Kapasitetsutnytting av rom (prosent)";41,9
"0 Hele landet";"2011M01";"Pris per rom (kr)";859
"0 Hele landet";"2011M02";"Kapasitetsutnytting av senger (prosent)";33,7
"0 Hele landet";"2011M02";"Kapasitetsutnytting av rom (prosent)";49,3
"0 Hele landet";"2011M02";"Pris per rom (kr)";885
"0 Hele landet";"2011M03";"Kapasitetsutnytting av senger (prosent)";34,7
"0 Hele landet";"2011M03";"Kapasitetsutnytting av rom (prosent)";53,7
"0 Hele landet";"2011M03";"Pris per rom (kr)";903
"0 Hele landet";"2011M04";"Kapasitetsutnytting av senger (prosent)";29,3
"0 Hele landet";"2011M04";"Kapasitetsutnytting av rom (prosent)";43,6
"0 Hele landet";"2011M04";"Pris per rom (kr)";849
"0 Hele landet";"2011M05";"Kapasitetsutnytting av senger (prosent)";33,1
"0 Hele landet";"2011M05";"Kapasitetsutnytting av rom (prosent)";53,2
"0 Hele landet";"2011M05";"Pris per rom (kr)";917
"0 Hele landet";"2011M06";"Kapasitetsutnytting av senger (prosent)";42,6
"0 Hele landet";"2011M06";"Kapasitetsutnytting av rom (prosent)";60,6
"0 Hele landet";"2011M06";"Pris per rom (kr)";859
"0 Hele landet";"2011M07";"Kapasitetsutnytting av senger (prosent)";51,1
"0 Hele landet";"2011M07";"Kapasitetsutnytting av rom (prosent)";59,1
"0 Hele landet";"2011M07";"Pris per rom (kr)";765
"0 Hele landet";"2011M08";"Kapasitetsutnytting av senger (prosent)";45,5
"0 Hele landet";"2011M08";"Kapasitetsutnytting av rom (prosent)";61,2
"0 Hele landet";"2011M08";"Pris per rom (kr)";830
"0 Hele landet";"2011M09";"Kapasitetsutnytting av senger (prosent)";35,6
"0 Hele landet";"2011M09";"Kapasitetsutnytting av rom (prosent)";56,7
"0 Hele landet";"2011M09";"Pris per rom (kr)";881
"0 Hele landet";"2011M10";"Kapasitetsutnytting av senger (prosent)";31,6
"0 Hele landet";"2011M10";"Kapasitetsutnytting av rom (prosent)";51,1
"0 Hele landet";"2011M10";"Pris per rom (kr)";886
"0 Hele landet";"2011M11";"Kapasitetsutnytting av senger (prosent)";32,4
"0 Hele landet";"2011M11";"Kapasitetsutnytting av rom (prosent)";54,5
"0 Hele landet";"2011M11";"Pris per rom (kr)";916
"0 Hele landet";"2011M12";"Kapasitetsutnytting av senger (prosent)";25,2
"0 Hele landet";"2011M12";"Kapasitetsutnytting av rom (prosent)";38,5
"0 Hele landet";"2011M12";"Pris per rom (kr)";876
"0 Hele landet";"2012M01";"Kapasitetsutnytting av senger (prosent)";28
"0 Hele landet";"2012M01";"Kapasitetsutnytting av rom (prosent)";44,4
"0 Hele landet";"2012M01";"Pris per rom (kr)";887
"0 Hele landet";"2012M02";"Kapasitetsutnytting av senger (prosent)";34,2
"0 Hele landet";"2012M02";"Kapasitetsutnytting av rom (prosent)";50
"0 Hele landet";"2012M02";"Pris per rom (kr)";894
"0 Hele landet";"2012M03";"Kapasitetsutnytting av senger (prosent)";34,2
"0 Hele landet";"2012M03";"Kapasitetsutnytting av rom (prosent)";52,2
"0 Hele landet";"2012M03";"Pris per rom (kr)";904
"0 Hele landet";"2012M04";"Kapasitetsutnytting av senger (prosent)";28,3
"0 Hele landet";"2012M04";"Kapasitetsutnytting av rom (prosent)";43,6
"0 Hele landet";"2012M04";"Pris per rom (kr)";866
"0 Hele landet";"2012M05";"Kapasitetsutnytting av senger (prosent)";32,1
"0 Hele landet";"2012M05";"Kapasitetsutnytting av rom (prosent)";49,7
"0 Hele landet";"2012M05";"Pris per rom (kr)";888
"0 Hele landet";"2012M06";"Kapasitetsutnytting av senger (prosent)";44
"0 Hele landet";"2012M06";"Kapasitetsutnytting av rom (prosent)";62,9
"0 Hele landet";"2012M06";"Pris per rom (kr)";875
"0 Hele landet";"2012M07";"Kapasitetsutnytting av senger (prosent)";49,6
"0 Hele landet";"2012M07";"Kapasitetsutnytting av rom (prosent)";58,4
"0 Hele landet";"2012M07";"Pris per rom (kr)";782
"0 Hele landet";"2012M08";"Kapasitetsutnytting av senger (prosent)";44,8
"0 Hele landet";"2012M08";"Kapasitetsutnytting av rom (prosent)";61,3
"0 Hele landet";"2012M08";"Pris per rom (kr)";847
"0 Hele landet";"2012M09";"Kapasitetsutnytting av senger (prosent)";35,4
"0 Hele landet";"2012M09";"Kapasitetsutnytting av rom (prosent)";57,7
"0 Hele landet";"2012M09";"Pris per rom (kr)";894
"0 Hele landet";"2012M10";"Kapasitetsutnytting av senger (prosent)";32,2
"0 Hele landet";"2012M10";"Kapasitetsutnytting av rom (prosent)";53,3
"0 Hele landet";"2012M10";"Pris per rom (kr)";897
"0 Hele landet";"2012M11";"Kapasitetsutnytting av senger (prosent)";32,7
"0 Hele landet";"2012M11";"Kapasitetsutnytting av rom (prosent)";54,5
"0 Hele landet";"2012M11";"Pris per rom (kr)";913
"0 Hele landet";"2012M12";"Kapasitetsutnytting av senger (prosent)";25,2
"0 Hele landet";"2012M12";"Kapasitetsutnytting av rom (prosent)";38,6
"0 Hele landet";"2012M12";"Pris per rom (kr)";865
"0 Hele landet";"2013M01";"Kapasitetsutnytting av senger (prosent)";28,2
"0 Hele landet";"2013M01";"Kapasitetsutnytting av rom (prosent)";44,2
"0 Hele landet";"2013M01";"Pris per rom (kr)";881
"0 Hele landet";"2013M02";"Kapasitetsutnytting av senger (prosent)";34,6
"0 Hele landet";"2013M02";"Kapasitetsutnytting av rom (prosent)";49,9
"0 Hele landet";"2013M02";"Pris per rom (kr)";895
"0 Hele landet";"2013M03";"Kapasitetsutnytting av senger (prosent)";32,2
"0 Hele landet";"2013M03";"Kapasitetsutnytting av rom (prosent)";47,3
"0 Hele landet";"2013M03";"Pris per rom (kr)";897
"0 Hele landet";"2013M04";"Kapasitetsutnytting av senger (prosent)";31,7
"0 Hele landet";"2013M04";"Kapasitetsutnytting av rom (prosent)";50,7
"0 Hele landet";"2013M04";"Pris per rom (kr)";903
"0 Hele landet";"2013M05";"Kapasitetsutnytting av senger (prosent)";31,7
"0 Hele landet";"2013M05";"Kapasitetsutnytting av rom (prosent)";48,1
"0 Hele landet";"2013M05";"Pris per rom (kr)";903
"0 Hele landet";"2013M06";"Kapasitetsutnytting av senger (prosent)";43,4
"0 Hele landet";"2013M06";"Kapasitetsutnytting av rom (prosent)";63
"0 Hele landet";"2013M06";"Pris per rom (kr)";909
"0 Hele landet";"2013M07";"Kapasitetsutnytting av senger (prosent)";46,8
"0 Hele landet";"2013M07";"Kapasitetsutnytting av rom (prosent)";56,6
"0 Hele landet";"2013M07";"Pris per rom (kr)";774
"0 Hele landet";"2013M08";"Kapasitetsutnytting av senger (prosent)";44,2
"0 Hele landet";"2013M08";"Kapasitetsutnytting av rom (prosent)";60,6
"0 Hele landet";"2013M08";"Pris per rom (kr)";866
"0 Hele landet";"2013M09";"Kapasitetsutnytting av senger (prosent)";34,6
"0 Hele landet";"2013M09";"Kapasitetsutnytting av rom (prosent)";57
"0 Hele landet";"2013M09";"Pris per rom (kr)";889
"0 Hele landet";"2013M10";"Kapasitetsutnytting av senger (prosent)";32,3
"0 Hele landet";"2013M10";"Kapasitetsutnytting av rom (prosent)";53,7
"0 Hele landet";"2013M10";"Pris per rom (kr)";897
"0 Hele landet";"2013M11";"Kapasitetsutnytting av senger (prosent)";33,1
"0 Hele landet";"2013M11";"Kapasitetsutnytting av rom (prosent)";55
"0 Hele landet";"2013M11";"Pris per rom (kr)";921
"0 Hele landet";"2013M12";"Kapasitetsutnytting av senger (prosent)";24,4
"0 Hele landet";"2013M12";"Kapasitetsutnytting av rom (prosent)";38,2
"0 Hele landet";"2013M12";"Pris per rom (kr)";897
"0 Hele landet";"2014M01";"Kapasitetsutnytting av senger (prosent)";27,5
"0 Hele landet";"2014M01";"Kapasitetsutnytting av rom (prosent)";44,4
"0 Hele landet";"2014M01";"Pris per rom (kr)";878
"0 Hele landet";"2014M02";"Kapasitetsutnytting av senger (prosent)";33,6
"0 Hele landet";"2014M02";"Kapasitetsutnytting av rom (prosent)";49,6
"0 Hele landet";"2014M02";"Pris per rom (kr)";890
"0 Hele landet";"2014M03";"Kapasitetsutnytting av senger (prosent)";33,4
"0 Hele landet";"2014M03";"Kapasitetsutnytting av rom (prosent)";53,2
"0 Hele landet";"2014M03";"Pris per rom (kr)";905
"0 Hele landet";"2014M04";"Kapasitetsutnytting av senger (prosent)";28,8
"0 Hele landet";"2014M04";"Kapasitetsutnytting av rom (prosent)";44,2
"0 Hele landet";"2014M04";"Pris per rom (kr)";881
"0 Hele landet";"2014M05";"Kapasitetsutnytting av senger (prosent)";34
"0 Hele landet";"2014M05";"Kapasitetsutnytting av rom (prosent)";52
"0 Hele landet";"2014M05";"Pris per rom (kr)";911
"0 Hele landet";"2014M06";"Kapasitetsutnytting av senger (prosent)";44,2
"0 Hele landet";"2014M06";"Kapasitetsutnytting av rom (prosent)";63,8
"0 Hele landet";"2014M06";"Pris per rom (kr)";898
"0 Hele landet";"2014M07";"Kapasitetsutnytting av senger (prosent)";49,8
"0 Hele landet";"2014M07";"Kapasitetsutnytting av rom (prosent)";58,4
"0 Hele landet";"2014M07";"Pris per rom (kr)";794
"0 Hele landet";"2014M08";"Kapasitetsutnytting av senger (prosent)";46,7
"0 Hele landet";"2014M08";"Kapasitetsutnytting av rom (prosent)";62,6
"0 Hele landet";"2014M08";"Pris per rom (kr)";871
"0 Hele landet";"2014M09";"Kapasitetsutnytting av senger (prosent)";36,9
"0 Hele landet";"2014M09";"Kapasitetsutnytting av rom (prosent)";59,4
"0 Hele landet";"2014M09";"Pris per rom (kr)";919
"0 Hele landet";"2014M10";"Kapasitetsutnytting av senger (prosent)";31,7
"0 Hele landet";"2014M10";"Kapasitetsutnytting av rom (prosent)";52
"0 Hele landet";"2014M10";"Pris per rom (kr)";903
"0 Hele landet";"2014M11";"Kapasitetsutnytting av senger (prosent)";31,8
"0 Hele landet";"2014M11";"Kapasitetsutnytting av rom (prosent)";52,1
"0 Hele landet";"2014M11";"Pris per rom (kr)";911
"0 Hele landet";"2014M12";"Kapasitetsutnytting av senger (prosent)";25,6
"0 Hele landet";"2014M12";"Kapasitetsutnytting av rom (prosent)";39,1
"0 Hele landet";"2014M12";"Pris per rom (kr)";872
"0 Hele landet";"2015M01";"Kapasitetsutnytting av senger (prosent)";28
"0 Hele landet";"2015M01";"Kapasitetsutnytting av rom (prosent)";43,9
"0 Hele landet";"2015M01";"Pris per rom (kr)";876
"0 Hele landet";"2015M02";"Kapasitetsutnytting av senger (prosent)";33,6
"0 Hele landet";"2015M02";"Kapasitetsutnytting av rom (prosent)";48,8
"0 Hele landet";"2015M02";"Pris per rom (kr)";896
"0 Hele landet";"2015M03";"Kapasitetsutnytting av senger (prosent)";33,2
"0 Hele landet";"2015M03";"Kapasitetsutnytting av rom (prosent)";50,9
"0 Hele landet";"2015M03";"Pris per rom (kr)";916
"0 Hele landet";"2015M04";"Kapasitetsutnytting av senger (prosent)";30,4
"0 Hele landet";"2015M04";"Kapasitetsutnytting av rom (prosent)";46,7
"0 Hele landet";"2015M04";"Pris per rom (kr)";912
"0 Hele landet";"2015M05";"Kapasitetsutnytting av senger (prosent)";34,8
"0 Hele landet";"2015M05";"Kapasitetsutnytting av rom (prosent)";51,2
"0 Hele landet";"2015M05";"Pris per rom (kr)";902
"0 Hele landet";"2015M06";"Kapasitetsutnytting av senger (prosent)";47,1
"0 Hele landet";"2015M06";"Kapasitetsutnytting av rom (prosent)";66,9
"0 Hele landet";"2015M06";"Pris per rom (kr)";940
"0 Hele landet";"2015M07";"Kapasitetsutnytting av senger (prosent)";55,6
"0 Hele landet";"2015M07";"Kapasitetsutnytting av rom (prosent)";63,7
"0 Hele landet";"2015M07";"Pris per rom (kr)";815
"0 Hele landet";"2015M08";"Kapasitetsutnytting av senger (prosent)";48,9
"0 Hele landet";"2015M08";"Kapasitetsutnytting av rom (prosent)";64,3
"0 Hele landet";"2015M08";"Pris per rom (kr)";872
"0 Hele landet";"2015M09";"Kapasitetsutnytting av senger (prosent)";38,4
"0 Hele landet";"2015M09";"Kapasitetsutnytting av rom (prosent)";58,3
"0 Hele landet";"2015M09";"Pris per rom (kr)";923
"0 Hele landet";"2015M10";"Kapasitetsutnytting av senger (prosent)";34,1
"0 Hele landet";"2015M10";"Kapasitetsutnytting av rom (prosent)";52,6
"0 Hele landet";"2015M10";"Pris per rom (kr)";908
"0 Hele landet";"2015M11";"Kapasitetsutnytting av senger (prosent)";32,9
"0 Hele landet";"2015M11";"Kapasitetsutnytting av rom (prosent)";52,8
"0 Hele landet";"2015M11";"Pris per rom (kr)";924
"0 Hele landet";"2015M12";"Kapasitetsutnytting av senger (prosent)";26,8
"0 Hele landet";"2015M12";"Kapasitetsutnytting av rom (prosent)";39
"0 Hele landet";"2015M12";"Pris per rom (kr)";886
"0 Hele landet";"2016M01";"Kapasitetsutnytting av senger (prosent)";28,1
"0 Hele landet";"2016M01";"Kapasitetsutnytting av rom (prosent)";43,4
"0 Hele landet";"2016M01";"Pris per rom (kr)";868
"0 Hele landet";"2016M02";"Kapasitetsutnytting av senger (prosent)";35
"0 Hele landet";"2016M02";"Kapasitetsutnytting av rom (prosent)";50,3
"0 Hele landet";"2016M02";"Pris per rom (kr)";909
"0 Hele landet";"2016M03";"Kapasitetsutnytting av senger (prosent)";33,5
"0 Hele landet";"2016M03";"Kapasitetsutnytting av rom (prosent)";47,7
"0 Hele landet";"2016M03";"Pris per rom (kr)";920
"0 Hele landet";"2016M04";"Kapasitetsutnytting av senger (prosent)";32,9
"0 Hele landet";"2016M04";"Kapasitetsutnytting av rom (prosent)";51
"0 Hele landet";"2016M04";"Pris per rom (kr)";902
"0 Hele landet";"2016M05";"Kapasitetsutnytting av senger (prosent)";33,7
"0 Hele landet";"2016M05";"Kapasitetsutnytting av rom (prosent)";49,9
"0 Hele landet";"2016M05";"Pris per rom (kr)";911
"0 Hele landet";"2016M06";"Kapasitetsutnytting av senger (prosent)";48,5
"0 Hele landet";"2016M06";"Kapasitetsutnytting av rom (prosent)";67
"0 Hele landet";"2016M06";"Pris per rom (kr)";925
"0 Hele landet";"2016M07";"Kapasitetsutnytting av senger (prosent)";58,5
"0 Hele landet";"2016M07";"Kapasitetsutnytting av rom (prosent)";66,7
"0 Hele landet";"2016M07";"Pris per rom (kr)";840
"0 Hele landet";"2016M08";"Kapasitetsutnytting av senger (prosent)";51,9
"0 Hele landet";"2016M08";"Kapasitetsutnytting av rom (prosent)";67,7
"0 Hele landet";"2016M08";"Pris per rom (kr)";914
"0 Hele landet";"2016M09";"Kapasitetsutnytting av senger (prosent)";40,2
"0 Hele landet";"2016M09";"Kapasitetsutnytting av rom (prosent)";60,7
"0 Hele landet";"2016M09";"Pris per rom (kr)";925
"0 Hele landet";"2016M10";"Kapasitetsutnytting av senger (prosent)";34,1
"0 Hele landet";"2016M10";"Kapasitetsutnytting av rom (prosent)";51,8
"0 Hele landet";"2016M10";"Pris per rom (kr)";895
"0 Hele landet";"2016M11";"Kapasitetsutnytting av senger (prosent)";33,1
"0 Hele landet";"2016M11";"Kapasitetsutnytting av rom (prosent)";53,3
"0 Hele landet";"2016M11";"Pris per rom (kr)";932
"0 Hele landet";"2016M12";"Kapasitetsutnytting av senger (prosent)";27,2
"0 Hele landet";"2016M12";"Kapasitetsutnytting av rom (prosent)";38,9
"0 Hele landet";"2016M12";"Pris per rom (kr)";891
"0 Hele landet";"2017M01";"Kapasitetsutnytting av senger (prosent)";28,7
"0 Hele landet";"2017M01";"Kapasitetsutnytting av rom (prosent)";44,9
"0 Hele landet";"2017M01";"Pris per rom (kr)";899
"0 Hele landet";"2017M02";"Kapasitetsutnytting av senger (prosent)";36,1
"0 Hele landet";"2017M02";"Kapasitetsutnytting av rom (prosent)";50,3
"0 Hele landet";"2017M02";"Pris per rom (kr)";931
"0 Hele landet";"2017M03";"Kapasitetsutnytting av senger (prosent)";36,2
"0 Hele landet";"2017M03";"Kapasitetsutnytting av rom (prosent)";54,3
"0 Hele landet";"2017M03";"Pris per rom (kr)";941
"0 Hele landet";"2017M04";"Kapasitetsutnytting av senger (prosent)";31,9
"0 Hele landet";"2017M04";"Kapasitetsutnytting av rom (prosent)";45,5
"0 Hele landet";"2017M04";"Pris per rom (kr)";925
"0 Hele landet";"2017M05";"Kapasitetsutnytting av senger (prosent)";36,6
"0 Hele landet";"2017M05";"Kapasitetsutnytting av rom (prosent)";54,7
"0 Hele landet";"2017M05";"Pris per rom (kr)";970
"0 Hele landet";"2017M06";"Kapasitetsutnytting av senger (prosent)";50,1
"0 Hele landet";"2017M06";"Kapasitetsutnytting av rom (prosent)";68
"0 Hele landet";"2017M06";"Pris per rom (kr)";990
"0 Hele landet";"2017M07";"Kapasitetsutnytting av senger (prosent)";59,5
"0 Hele landet";"2017M07";"Kapasitetsutnytting av rom (prosent)";66,8
"0 Hele landet";"2017M07";"Pris per rom (kr)";893
"0 Hele landet";"2017M08";"Kapasitetsutnytting av senger (prosent)";54,3
"0 Hele landet";"2017M08";"Kapasitetsutnytting av rom (prosent)";69,4
"0 Hele landet";"2017M08";"Pris per rom (kr)";945
"0 Hele landet";"2017M09";"Kapasitetsutnytting av senger (prosent)";42,6
"0 Hele landet";"2017M09";"Kapasitetsutnytting av rom (prosent)";63,1
"0 Hele landet";"2017M09";"Pris per rom (kr)";991
"0 Hele landet";"2017M10";"Kapasitetsutnytting av senger (prosent)";35,1
"0 Hele landet";"2017M10";"Kapasitetsutnytting av rom (prosent)";53,7
"0 Hele landet";"2017M10";"Pris per rom (kr)";943
"0 Hele landet";"2017M11";"Kapasitetsutnytting av senger (prosent)";35,4
"0 Hele landet";"2017M11";"Kapasitetsutnytting av rom (prosent)";55,8
"0 Hele landet";"2017M11";"Pris per rom (kr)";968
"0 Hele landet";"2017M12";"Kapasitetsutnytting av senger (prosent)";28,5
"0 Hele landet";"2017M12";"Kapasitetsutnytting av rom (prosent)";39,8
"0 Hele landet";"2017M12";"Pris per rom (kr)";927
"0 Hele landet";"2018M01";"Kapasitetsutnytting av senger (prosent)";30,1
"0 Hele landet";"2018M01";"Kapasitetsutnytting av rom (prosent)";46,2
"0 Hele landet";"2018M01";"Pris per rom (kr)";917
"0 Hele landet";"2018M02";"Kapasitetsutnytting av senger (prosent)";35,9
"0 Hele landet";"2018M02";"Kapasitetsutnytting av rom (prosent)";50,5
"0 Hele landet";"2018M02";"Pris per rom (kr)";946
"0 Hele landet";"2018M03";"Kapasitetsutnytting av senger (prosent)";35,6
"0 Hele landet";"2018M03";"Kapasitetsutnytting av rom (prosent)";50,4
"0 Hele landet";"2018M03";"Pris per rom (kr)";950
"0 Hele landet";"2018M04";"Kapasitetsutnytting av senger (prosent)";32,3
"0 Hele landet";"2018M04";"Kapasitetsutnytting av rom (prosent)";50
"0 Hele landet";"2018M04";"Pris per rom (kr)";940
"0 Hele landet";"2018M05";"Kapasitetsutnytting av senger (prosent)";34,8
"0 Hele landet";"2018M05";"Kapasitetsutnytting av rom (prosent)";50,7
"0 Hele landet";"2018M05";"Pris per rom (kr)";957
"0 Hele landet";"2018M06";"Kapasitetsutnytting av senger (prosent)";49,1
"0 Hele landet";"2018M06";"Kapasitetsutnytting av rom (prosent)";68,6
"0 Hele landet";"2018M06";"Pris per rom (kr)";1004
"0 Hele landet";"2018M07";"Kapasitetsutnytting av senger (prosent)";56,3
"0 Hele landet";"2018M07";"Kapasitetsutnytting av rom (prosent)";66,1
"0 Hele landet";"2018M07";"Pris per rom (kr)";926
"0 Hele landet";"2018M08";"Kapasitetsutnytting av senger (prosent)";52,8
"0 Hele landet";"2018M08";"Kapasitetsutnytting av rom (prosent)";69,1
"0 Hele landet";"2018M08";"Pris per rom (kr)";1002
"0 Hele landet";"2018M09";"Kapasitetsutnytting av senger (prosent)";38
"0 Hele landet";"2018M09";"Kapasitetsutnytting av rom (prosent)";60,1
"0 Hele landet";"2018M09";"Pris per rom (kr)";987
"0 Hele landet";"2018M10";"Kapasitetsutnytting av senger (prosent)";32,7
"0 Hele landet";"2018M10";"Kapasitetsutnytting av rom (prosent)";53,5
"0 Hele landet";"2018M10";"Pris per rom (kr)";930
"0 Hele landet";"2018M11";"Kapasitetsutnytting av senger (prosent)";32,8
"0 Hele landet";"2018M11";"Kapasitetsutnytting av rom (prosent)";53,3
"0 Hele landet";"2018M11";"Pris per rom (kr)";975
"0 Hele landet";"2018M12";"Kapasitetsutnytting av senger (prosent)";28,1
"0 Hele landet";"2018M12";"Kapasitetsutnytting av rom (prosent)";40,4
"0 Hele landet";"2018M12";"Pris per rom (kr)";942
"0 Hele landet";"2019M01";"Kapasitetsutnytting av senger (prosent)";29,5
"0 Hele landet";"2019M01";"Kapasitetsutnytting av rom (prosent)";46,6
"0 Hele landet";"2019M01";"Pris per rom (kr)";935
"0 Hele landet";"2019M02";"Kapasitetsutnytting av senger (prosent)";34,7
"0 Hele landet";"2019M02";"Kapasitetsutnytting av rom (prosent)";50,2
"0 Hele landet";"2019M02";"Pris per rom (kr)";965
"0 Hele landet";"2019M03";"Kapasitetsutnytting av senger (prosent)";35,6
"0 Hele landet";"2019M03";"Kapasitetsutnytting av rom (prosent)";54,7
"0 Hele landet";"2019M03";"Pris per rom (kr)";969
"0 Hele landet";"2019M04";"Kapasitetsutnytting av senger (prosent)";31
"0 Hele landet";"2019M04";"Kapasitetsutnytting av rom (prosent)";44,8
"0 Hele landet";"2019M04";"Pris per rom (kr)";942
"0 Hele landet";"2019M05";"Kapasitetsutnytting av senger (prosent)";36,9
"0 Hele landet";"2019M05";"Kapasitetsutnytting av rom (prosent)";54,8
"0 Hele landet";"2019M05";"Pris per rom (kr)";982
"0 Hele landet";"2019M06";"Kapasitetsutnytting av senger (prosent)";48,5
"0 Hele landet";"2019M06";"Kapasitetsutnytting av rom (prosent)";69,1
"0 Hele landet";"2019M06";"Pris per rom (kr)";1078
"0 Hele landet";"2019M07";"Kapasitetsutnytting av senger (prosent)";57,4
"0 Hele landet";"2019M07";"Kapasitetsutnytting av rom (prosent)";66,6
"0 Hele landet";"2019M07";"Pris per rom (kr)";964
